,コメント,買う,買わない,,,,,,
1,西新宿五丁目広域再開発の一部分でしかないからそれは周辺含めて将来性、資産性もあるでしょう。MR来場者も盛況な訳だ。,1,0,0,0,,,,
2,最近は都心でも駅から遠い物件増えましたよね。徒歩１０分とか普通にあります。ここも最初は駅から遠いってことで対象から外していたんですが、近い物件は小規模なものばかり。いつの間にか駅近で広い土地に建つ設備の整ったマンションってなくなってしまいました。で今はここ検討しています。,0,0,0,0,,,,
3,実際に購入してそこに暮らす事を考えたらそうなるでしょうね。仮住まいならともかく。,0,0,0,0,,,,
4,60階に住んだら一体どんな感じなんだろ。想像つかないな。,0,0,0,0,,,,
5,もし、エレベーターが使えなかったら大変な事になるな。,0,0,0,0,,,,
6,それなのに何でみんな上層階に行きたがるのか。,0,0,0,0,,,,
7,全体的にタワーの売れ行きが良いから、先高観のムードに流されて高値で買う奴もたくさんいる。損しないコツは物件の本質的な部分を見落とさないで、マンション市場全体を見ること。この物件の商品性が富久なみに高く、納得のいく価格と信じるなら買えばいいんじゃないかな。,0,0,0,0,,,,
8,ちなみに株は4日連続下落で冴えないよ。直近の相場を見る限り、昨年末の高値で日経平均はダブルトップの可能性がある。米国の利上げや、中国バブル崩壊、欧州危機。それ程、楽観的でいられないんじゃないかな。,0,0,0,0,,,,
9,ビギナーさん本当にこの物件お好きですね。一体どんなポジションの方なのか興味あります。,0,0,0,0,,,,
10,ダブルトップって、何ですか?,0,0,0,0,,,,
11,>10日経平均のチャート 上昇期のM字。18030（12/8）　⇒　16672（12/17）　値幅：1358円下落16672（12/17）　⇒　17914（12/29）　値幅：1242円上昇オマエも儲けろよ。俺はこの物件は買わないけど、ガキの頃から新宿住みだから気になるだけだよ。,0,0,0,0,,,,
12,>>11今ならどの物件が儲かりますか？,0,0,0,0,,,,
13,>>12ビギナーさんではないけど儲け、だけ狙いで買うならみなとみらいだね。カジノで大化けするチャンスがある。大崎や品川から新宿までの都内は羽田空港都心通過飛行ルートがリスク要因だよ。,0,0,0,0,,,,
14,実家が厚木の戸建てだからそのころはジェット機の音が凄く五月蠅かった。藤沢のマンションに引っ越してからはさっぱり聞こえなくなった。そんなもんだと私は感じてます。,0,0,0,0,,,,
15,タワーマンション、より上階を望む傾向は変わらないね。,0,0,0,0,,,,
16,でもここの新宿方面ビューはここより高いビルだらけ。正直高層だろうが眺望はよくないので一番安い低層がいいんじゃない。中のビューはどっちにしろ近くも遠くも何もないから低層でも変わらないしね。ここは高層のメリット少ないし、エレベーターの時間や災害時の脱出リスク、地震時の揺れ幅の大きさ考えたら（免震じゃないからね）低層のがどう考えてもいい。しかも最上階はほぼ地権者住戸だから買えないし。,0,0,0,0,,,,
17,眺望しか取り柄のない湾岸エリアと比べたら低層でも価値はあると思う,1,0,0,0,,,,
18,新宿エリアからの住み替え需要が高そうですね。市場環境も住み替えなら悪くないですし。,1,0,0,0,,,,
19,新宿と言わず都下全域から住み替え需要がありそう。,1,0,0,0,,,,
20,>>17ここは地権者住戸が200近くというかなりの数あって個人だけでなく、不動産関係の法人地権者もいるから竣工後に高く売り抜けを狙う複数の無理ポジステマがいますよね。他の人気物件すれもしらみつぶしに西60のステマして回ってますから(笑)ちょっとやりすぎでは。販売前の普段の三菱や三井物件ではなりえないステマの嵐。検討者だけでいい。,0,0,0,0,,,,
21,自分で必要な情報を取捨選択すればいいだけだと思うが、ステマ抜きにしてもここのＭＲ来場者数見る限り、バカ売れしそうなんだよね。,0,0,0,0,,,,
22,ネガも凄いじゃないか,0,0,0,0,,,,
23,しかも最新の検討スレは閉鎖された,0,0,0,0,,,,
24,富久は地権者物件がかなり強気な価格設定で中古？で出てるね。パークハウスもそうなるのかな。,0,0,0,0,,,,
25,>>25市況次第だろうね,0,0,0,0,,,,
26,こちらに住み替えでしょうか,1,0,0,0,,,,
27,まだ住んでない物件だから、住み替えってケースはないなあ。単に利益を得るための売りでしょう。,0,0,0,0,,,,
28,要望書どこの部屋が多いの？,0,0,0,0,,,,
29,>>29当然、西向きの部屋かな。,0,0,0,0,,,,
30,西より南だよ。,0,0,0,0,,,,
31,南は再開発予定地があるから、中層低層は将来が心配。高層階はもちろん価格が高い。,0,0,0,0,,,,
32,南側低層でも、再開発予定地に建つタワーとは距離があるはずですよ。,0,0,0,0,,,,
33,>>33距離ったって結構近いしカーテン開けてればこんにちわ、のお見合い眺望だから。,0,0,0,0,,,,
34,南の再開発予定地は隣地ですよね？距離があるってほどではないんじゃない。それと国際戦略特区で、容積率上乗せができるようになれば大きな建物に出来るかも。,0,0,0,0,,,,
35,キャピタルゲインでる物件ですか？,0,0,0,0,,,,
36,知り合いのデベや不動産屋で西60がキャピタルゲイン狙えるという人はいないな。あくまで西新宿五丁目、中野坂上、大江戸線好きなら永住で買う物件だよね。また知り合いの水商売、風俗経営者で寮として買う予定の人は何人かいるし、パトロンに買ってもらおうとしてる嬢やメンズもいます。歌舞伎町勤務地だと歩けないけどタクシーで10分くらいで帰れるから丁度よいらしい。,1,0,0,0,,,,
37,便利な場所ですからね。需要は様々でしょうが売れそうですね。モデルルームの来場者数も納得ですね。もう要望書もかなり入ってるのでしょうね,1,0,0,0,,,,
38,>>38多摩地区住みにとっては新宿から２駅は便利なんだろうね。都心住みからすると、線外郊外サイド、大江戸線駅遠物件で不便だなと思うがな。無機質なビル群と汚い神田川、ホームレスも多いし、住民層も問題多そうだし、高いし微妙な物件。,0,0,0,0,,,,
39,キャピタルゲイン出ないならいらない,0,0,0,0,,,,
40,西側高層階からの眺望を見てみたいわ,0,0,0,0,,,,
41,>>39今周辺住みだけど、この辺は便利ですよ、ちょっとした用事でもすぐターミナル駅で何でも買えるから便利多摩地区じゃなくても住みたい人はたくさんいると思います。都心とは違い価格も買いやすい価格帯ですしね,1,0,0,0,,,,
42,湾岸タワー嫌いの人はこのエリアに流れてくるでしょうしね,1,0,0,0,,,,
43,今週の土曜日から、見学が開始となるようですね。ホームページでは販売価格など全てが未定なのですが見学会では価格表などはいただけるものなんですかね。,0,0,0,0,,,,
44,なんだかんだ言って、こういう掲示板で意見交換する人達って、情報感度が高かったり、投資的な視点を持っている方達なんだと思う。それに新宿って都心民以外には魅力があるところでしょう。だから、この掲示板ではネガな意見が多くても、実際は申込者は多くなるのじゃないかと予想してます。,1,0,0,0,,,,
45,都心３区レベルに迫る、価値の高い西新宿大規模物件ですからね。欲しい人たちは既に去年から動いている事でしょう。,1,0,0,0,,,,
46,>>46都心３区で晴海の三井タワーも宣伝始めましたからね。都心タワー好きの人は湾岸に流れるでしょうね。,0,0,0,0,,,,
47,パークハウス60申込み予定です。富久クロスもパークハウス60も間取り悪くないですか？？とくに60のほうの部屋のど真ん中にある巨大柱。これがなかったらなーと思いながらも検討してます・・・（全室にこの柱があるとのこと）,0,0,0,0,,,,
48,部屋の柱も、オール電化の貯湯タンクも、専有面積に含まれますので、床面積から割り引いて考えましょう。,0,0,0,0,,,,
49,富久はタワマン間取りの失敗例として後世に語る継がれるレベルだからここはそれと比べるとだいぶマシ。いいとは言わないけどさ。,0,0,0,0,,,,
50,>>46川崎の武蔵小杉の人は西新宿より上だと思っているみたい。不便なんだって。,0,0,0,0,,,,
51,>>50五十歩百歩高層タワマンの天井高を、湾岸で低いとされる250cmよりも更に低い248cmにしてコストカットし太い柱を部屋に入れた間取りとして後生に語り継がれるこちら。間取りが悪いのは新宿仕様か？,0,0,0,0,,,,
52,>>51あなたはどこの人なの？,0,0,0,0,,,,
53,>>51武蔵小杉は交通も便利で買物も便利だから仕方ないんじゃない？,0,0,0,0,,,,
54,あのー、ムサコとか湾岸とかどうでも良いですから。,0,0,0,0,,,,
55,>>52新宿のような成熟したところは立地が売りで、湾岸のように普通だと好まれないような立地は建物で釣るしかないのでは？でも不動産って立地が全てだからねー。湾岸などの埋立地はひとたび事が起こると資産価値吹っ飛ぶからリスク高いかと。新しいうちに短期で売り抜けるのが湾岸の鉄則。,0,0,0,0,,,,
56,検討板は物件比較もする場ですから比較する情報としてムサコや湾岸が出てきても問題ありません,0,0,0,0,,,,
57,>>57八王子、立川、町田の物件も問題ありませんでしょうか？,0,0,0,0,,,,
58,制振タワーは柱が太くなるし、アウトフレームにもできないからどうしても大きな柱が部屋に入ってくる。ここも部屋によって柱１本から多いと３本＋貯湯タンク分のデッドスペースがるから他物件と比較してその分の平米数は引いて考えないと損するというか入居してからアレっとなる。ここの平均坪３５０ってリーマンには買いやすい価格ではないかな。周辺中古の坪単価をみると立地的仕様的にここがどうしても格下になるからそれを鑑みるとどう考えてもキャピタルゲインとか得られないと思う。再開発もタワマン林立するだけの内容で不動産が上昇するような内容でないし、供給過剰や市況変化で今後ここより良い条件で安い単価になる可能性もあるからね。そういう展開も十分あり得るから素人が投資として手を出すにはおすすめできない。シングルで新宿が職場ならここも全然ありだけど、ファミリーや女性だといろいろウイークポイントも多い物件なのでどうだろう。だが実家が多摩地区なら帰りやすいというのも強みだよね。交通利便性，生活利便性、資産性、再開発の中身ともＫＴＴ，ＧＦＴのがかなり上とは正直思う。湾岸といえども都心３区はやはり強いし、地価上昇が期待できる大規模再開発があり資産価値上昇は固い。ステレオタイプに湾岸は災害がどうとかいう人もいるが、だてに大手のフラグシップ物件ではなく対策は万全。新たに発表されたパークタワー晴海は次世代のタワマンという感じで久々にワクワクさせる物件だが、何せここと同じく交通利便性が悪すぎるのが懸念される。ただＭＲには是非いってみたい。となりの三菱タワーも良い物件だがこの先どう売っていくのかも見物である。,0,0,0,0,,,,
59,>>56立地は、新宿の一番端っこの川沿い低地で駅が遠い。西側しか抜け感の無い立地。湾岸なら眺望がいい立地なのに。,0,0,0,0,,,,
60,勤務地などそれぞれ違う中でconsensusを得るってどの物件でも無理な件,0,0,0,0,,,,
61,普通都心3区に湾岸は含めないだろ！住所じゃ無くて不動産の価値としてね,0,0,0,0,,,,
62,立地に関する価値観は人それぞれということでしょう。大きな買い物ですから個々の責任で買うので後は総合的にどう判断するかです。,0,0,0,0,,,,
63,トミヒサ見て思ったけどタワーで太くすると奥行で平米稼ぐから行灯になるよねここくらい細い方がワイドスパンに出来ると思う,0,0,0,0,,,,
64,>>60だって湾岸から眺望取ったら何も残らないじゃない,0,0,0,0,,,,
65,間取りにこだわるならタワーはやめて低層を探す方がいいです。,0,0,0,0,,,,
66,>>62クサッテモタイで、港区や中央区の湾岸も都心三区だよ。眺望はいいし東京駅に近い。ここは東京駅に遠い副都心の外れ立地。,0,0,0,0,,,,
67,個人的に東京駅に近いってことにさほどメリットないと思うんだけどな。街として魅力がないエリアに長期間住むことの方が苦痛な気がする,0,0,0,0,,,,
68,湾岸の東京駅近いです自慢ってとても滑稽な気がすますね。まぁ興味ない湾岸の話は他所でやってもらった方がいいですね,0,0,0,0,,,,
69,>>68田町なら西新宿五丁目よりほぼ全ての都心に近いんじゃない。麻布十番、六本木ヒルズ、ミッドタウン、虎の門ヒルズ、銀座有楽町、恵比寿、渋谷、表参道、羽田成田など。ここのが近いのは新宿と大久保中野くらいだよね、ガチで。,0,0,0,0,,,,
70,田町は、新興地。デパートあったっけ？家族で楽しめるアミューズメントあったっけ？つまらない田町。車がバンバン飛ばしてる国道しかない。,0,0,0,0,,,,
71,>>70ごめんなさい、倉庫街のマンションに興味ないです。,0,0,0,0,,,,
72,そもそも、田町駅のあの古めかしさと言ったら笑うしかないだろ,0,0,0,0,,,,
73,田町擁護するわけじゃないが西新宿五丁目のほうが何もないし、負けずの殺風景かと。田町は芝浦再開発始まってて既に一部竣工しててかなり雰囲気変わってきてるよ。大型商業施設とホテルなどもできるからね。できたらかなり注目される施設になるはずだよ。新宿60検討するならGFTのが安いしMRは言ってみた方がいい。できれば晴海や豊洲もみるべき。,0,0,0,0,,,,
74,田町物件の徒歩圏よりこの物件の徒歩圏の方が遥かに魅力的主観ですけどね、あちらの方面には興味ないですね～,0,0,0,0,,,,
75,>>大型商業施設とホテルなどもできるからね。この時点ですでに魅力がないということに気づこうか。そんなもん出来てもこれっぽっちも嬉しくない。１回行けば飽きる,0,0,0,0,,,,
76,ららぽーと的な大規模施設って面白みも何もないと思うんだけどな。湾岸住みたい人はあーいう施設が好きなのかな。,0,0,0,0,,,,
77,誇れるものは大型所業施設と眺望くらいでしょうからね,0,0,0,0,,,,
78,>>77タワマン買うなら買う気もなかった地域で他に話題になってるタワマンくらいは絶対みておいた方がいいよという経験的なススメだよ。ここのポジは普通に会話しないで偏ったことしかいわないね。わたしも見てまわって楽しんでいます。価値観人それぞれ、ただベイズとGFTは買い、それは間違いない。,0,0,0,0,,,,
79,湾岸の必死さが涙を…１期前の物件を探してる人にすでに半分以上売れてる物件を比較って…対象が甘い,0,0,0,0,,,,
80,>>79不動産は立地が全てだお。ここは確かに新宿の中では競争力の劣る立地かもしれんが、腐っても内陸の新宿。世界に誇るブランドアドレス。ベイズやGFTは湾岸埋立地な上に駅から遠い。建物は魅力的でも結局上物の価値は減価するし、周辺にはまだまだマンション出来る余地があるから注意が必要では？あくまで好みの問題やけど。,0,0,0,0,,,,
81,インフラが脆弱な湾岸は嫌だけど、将来南北にタワマンが近接して建つここも躊躇する。共に対象外。,0,0,0,0,,,,
82,なんかあちこちでGFTを推してる人がいるな。そんなに売れなくて必死なのかな営業さん。駅から遠い海沿いタワマンは資産価値的には厳しいよね。その点、新宿は地盤が良いからタワマン買うなら内陸なのは間違いない。,0,0,0,0,,,,
83,>>83ちなみに都心不動産でいう内陸ってのは都心湾岸部に対して都心3区の山手線内側の部分を指しています。都心3区でない新宿、かつ山手線外のここを内陸とはいいませんよ。まあ、色々他も見るのは不動産買う時は大事って話でしょ。そんな必死になってなんでも否定するのもね。もっと寛容にやりましょう。,0,0,0,0,,,,
84,>>84千代田区飯田橋は内陸ですか？,0,0,0,0,,,,
85,>>85そら内陸だろ。パークコート千代田富士見、最近のベストマンションの一つ。ああ、ほしかったなあ,0,0,0,0,,,,
86,>>84新宿区は都心五区だから、立派に都心だよ。芝浦のGFTは東側しか良い眺望がない。湾岸は眺望命なのに。GFT同様に駅遠三井タワマンでありながら、眺望の良いパークタワー晴海が出てきたからGFTは大変だろうね。,0,0,0,0,,,,
87,>>86あそこは崖下が線路際のマンション。別に欲しくはない。,0,0,0,0,,,,
88,>>87都心5区は新宿と渋谷が勝手に作った都合のいいことば。都心といえば3区。当たり前のはなし。事実、新宿は副都心って名付けられてるじゃん。,0,0,0,0,,,,
89,>>88なんでも否定するな、、、汗で大江戸線郊外サイドの駅遠、神田川沿いに建つペンシルマンションが千代田富士見より欲しいんだ。そっか色んな人がいますね。,0,0,0,0,,,,
90,>>89港区である台場は、都心と副都心を兼ねている。新宿も都心と副都心を兼ねて問題なし。,0,0,0,0,,,,
91,８８は面白い人だグランドメゾン白金の社タワーはどうだ？面白く否定してくれ,0,0,0,0,,,,
92,>>90飯田橋もタワマン建ち過ぎ。あそこもお堀沿いだからここと似たようなもの。線路際でないだけここのほうが良い。,0,0,0,0,,,,
93,ここでこの物件のメリットデメリットをおさらいしましょうか検討板なのであえてデメリットを多く書いてあります。メリットはＭＲやパンフで示された通り。強み１． 日本最強財閥・三菱地所の安心感とクオリティ２．日本でタワマン史上最高階数弱み①不便な立地：交通利便性は最低評価かも。最寄りが都内地下鉄で最も不便と言われる大江戸線の新宿５丁目から７分（大江戸線は改札とホームまが大変深いため地下鉄入口からホームまで４－６分くらいかかる）。つまり改札まで１１－１３分。丸の内線も徒歩９分で使えるが、いずれにしろ郊外側からのアクセスなのでラッシュに巻き込まれる、とりあえず新宿にでないといけない。新宿以外の主要スポットへのアクセスは良くない。都心部なら両方向使えてまた下りになるのでラッシュも少なく、より複数路線使えるのが普通。②新宿徒歩圏？：改札まで徒歩２０分は果たして２３区内の常識的感覚において徒歩圏といえるだろうか。またショッピングに便利な東口まではとてもじゃないが歩く距離ではない。③治安への不安：新宿区と２３区で最も犯罪率が高い区のひとつである。１１月も西新宿において殺人事件が発生している。新宿徒歩圏とするならば新宿駅周辺の治安も考慮にいれるべきでは。④ホームレスの多さ：西新宿は歴史的にホームレスの聖地として機能してきた時代を経ていることもありいまだ路上や公園にはホームレスが多い．⑤制震設計：相対的ペンシルビルなため制震設計となった。３．１１後の設計なので地震には耐えるのは当然と前提して、６０階もある超高層物件なだけに大地震時の中階層以上の揺れがどれだけ大変なものになるかは想像に難くない。３．１１でも制震物件の高層階の揺れが大変であっただけに不安はある．⑥低天井：最高階数なのに高さは史上最高ではないことからわかるように階高が低く低天井である。⑦山手線内・線外の格差：いうまでもなく線内と線外は資産性、住民の質において大きな格差がある。⑧住民層：歌舞伎町という日本随一の水商売と風俗店の繁華街を抱える新宿という土地だけあり，契約者にはそれらの業者や怪しげな生業がキャッシュで購入やパトロンや第三者を使って購入してくると予想され住民の民度は都心タワマンと比較すれば当然ながら低くなる。⑨デッドスペースの多さ：制震構造のため柱が太くまたインフレーム構造である。部屋によって柱が１本から３本ほど専有面積に含まれる。またオール電化のため給湯タンクも専有面積に含まれるため、これらのデッドスペースを割り引いて考えなければいけない。⑩眺望：副都心ビューはより高層ビルが林立しており、周囲もタワマンに囲まれる予定である。このためお見合い眺望が多く、中野方面だけ眺望が保たれるという。最高階数戸いう割に眺望条件が悪い。⑪エコキュート問題：エコキュートは小雑音による健康被害の事例がある。最新機器なら大丈夫とは思われるが．．．⑫資産価値：周辺の中古相場からすると一番駅遠で川沿い、仕様の部分からこの物件が格下になると思われる。そこから想定される中古相場からすれば平均３５０という単価は物件単位でキャピタルゲインは難しいと判断される。また交通利便性が良くない立地の微妙さから不動産市場冷え込み局面での反発材料は乏しい。⑬供給過剰の可能性：隣接地域にあと３つタワマンが建てられる可能性がある。隣接２地域はここより駅から近くなる。後出し物件が不動産市場の冷え込みと重なればより低価格で良い物件となる可能性もある。⑭地権者の多さ：地権者住戸が２０％弱とかなりの数存在する。地権者が多いとやりづらいケースがある。ちなみに６０階はほとんど地権者住戸になっている。,0,0,0,0,,,,
94,西新宿五丁目北地区含めて整然とした美しいまちを創り上げる再開発ですから、密集などとは無縁の先進的で美しい生活を楽しめる事でしょう。,1,0,0,0,,,,
95,>>94強み意味の無いネガが多い,0,0,0,0,,,,
96,>>92白金にタワーは合わない,0,0,0,0,,,,
97,>>94春頃にルートがどうなるか決まるが、羽田への着陸飛行機が西新宿の上空900mを飛ぶが、デメリットに加わる可能性あり。このマンションの東側を毎時33便位、西側を毎時18便位で15時から19時までの計画。,0,0,0,0,,,,
98,そんなに飛ぶの？？いつ決定するの？このあたりだと標高何メートルで飛行？,0,0,0,0,,,,
99,>>89昔は確かに都心＝都心3区でしたが、マスコミで新宿区、渋谷区も含めた範囲を都心と呼称するようになってからは、都心＝都心5区が一般的になりました。なのでマスコミが作った言葉が正確かな？最近は副都心という呼び方も少なくなってますよ。,0,0,0,0,,,,
100,不動産で都心といえば千代田港中央区の３区ですよ。なぜこの３区が都心と言われて別格扱いされているのは皇居・中央官庁省庁・裁判所・日本を代表する会社の本社と１流外資系が東京本社を構える、大使館はこの３区でほとんどを抱える、要人、有名人が多く住んでいるのも偶然ではなく、まさに日本の中核となっているためです。住民一人当たりの納税額が高いなどのオマケもありますが。都心５区は渋谷区と新宿区が自己アピールするための都合のよいツールでしかありません。もちろんこの２区も２３区では主要な区の一つですけどね,0,0,0,0,,,,
101,渋谷にも大使館多いけどね〜,0,0,0,0,,,,
102,ここの場合ここが便利だと思う層が買うのでしょうね。価格もお手頃ですし。私はそういう層がかなりたくさんいると思うのでかなりの人気物件になると思うのですがどうでしょうか？買い煽りとかじゃなくモデルルームや集客数などから感じた割と客観的な評価です。,1,0,0,0,,,,
103,101みたいな人は、新聞やテレビのニュース一切見ないんだろうね。時代錯誤過ぎて話にならない。,0,0,0,0,,,,
104,都心３区を全面に出す人は、港区か中央区に住んでいるが埋立地というパターンだよ。本来なら、麻布です、広尾です、って町や駅名で言いたいところなんだろうけど、できないから。あと、実は中央区は山手線の外周区の低地。,0,0,0,0,,,,
105,>>103私は多摩地域から住み替えを検討中です。いま都心部まで片道1時間半かけて通勤しているので、ここは非常に魅力的ですね。ここに住めれば毎日2時間くらい節約できますし、駅徒歩7分が遠いとおっしゃる都心部の住民様とは次元が違います(笑)ちなみに、多摩地域出身者は湾岸エリアには土地勘がないですし、海沿いは敬遠する人が多いと思います。逆に新宿なら京王線、小田急線の起点でもあり誰でも馴染みがあります。木を多用した共用施設や西向きのビューラウンジも多摩方面のお客さんを意識しているのかなと思いました。実際、比較のため湾岸の物件も何件か見学しましたが、おしゃれすぎる雰囲気があまり気に入りませんでした、私は西新宿60の方が落ち着いたデザインで好きですね。,1,0,0,0,,,,
106,晴海もGFTも行ったよ。目の前の運河が汚くて臭くて閉口した。ここも神田川沿いだけどこの辺りはちっちゃな川で臭くなかった。,0,0,0,0,,,,
107,あの運河が汚くて本当に閉口したならあの神田川の汚さも十分閉口に値するけど本当に検討者？おれは周辺や中央公園のホームレスの多さに閉口したけどな。マンション予定地の前にいたあのホームレスはあそこを定宿にしているのだろうか。ＧＦＴは運河から建物まで数十メートルはあったけど。駅までのアクセスも運河とは関係なかったしわざわざ近づこうとしなければ運河あまり関係なくないか。中野や多摩の雰囲気好きな人はやはり西６０だし、港区や都心好きな人は芝浦選ぶんだろうね。どっちも魅力的だがかなり特徴が異なるよね。なぜそんなにＧＦＴをライバル視するの？,0,0,0,0,,,,
108,神田川は綺麗ですよ。,0,0,0,0,,,,
109,>>108ここもＧＦＴも、山手線駅徒歩圏、似た価格帯、の都心物件です。,0,0,0,0,,,,
110,何か芝浦の住民ってプライド高い人が多そうだね。たかが運河でこんだけ噛み付いてくるって神経質すぎると思う。新宿の住民は、ホームレス？川が臭い？あっそうで受け流すようなおおらかな人が多い印象ですね。,0,0,0,0,,,,
111,>>111受け流すも何も事実だから否定できないでしょう。,0,0,0,0,,,,
112,>>110ここは大江戸線でしょ。何を勘違いしてるんですか？,0,0,0,0,,,,
113,まあ芝浦に限らず運河は流れが少ない分、特に夏場は匂いはどうしても出てしまうよね。,0,0,0,0,,,,
114,プライド高い言われたのが勘に触ったのか(笑)他所を貶しまくってみっともないですよ。,0,0,0,0,,,,
115,>>113ＪＲ新宿駅も徒歩圏です。,0,0,0,0,,,,
116,結局、ここの購入者は小田急線の藤沢市、相模原市、中央線の八王子市、府中市、練馬区、埼玉辺りに住んでる人と、中国人、墨入れてる人って感じかな？入居者は郊外住み替え組(ファミリー含む)、人気ホスト、パトロンに金払ってもらっているキャバ。 水商売に必須な条件は「タクシーが拾いやすい エリアや通り沿いで、ペット可能、審査の緩いマンション」なんでここは合格。郊外ファミリー組は賃貸検討するふりして、一度アトラスやコンシェリアを見学に行ってみてね。 ロビーでニュースキンの勧誘してるし、スパは墨入ってる人ゴロゴロいるから。それで納得したら35年ローン組め。,0,0,0,0,,,,
117,>>108ホントは現地も中央公園も行ってないんだろ？実はな、今、中央公園は炊き出しグループ撤退に加えて、新宿区による工事準備のためにホームレスは全然居なくなったんだよ。だから、ホントに現地に行ってたらそんな発言はしない。そんなやつの周辺話も信用出来るわけがない。中央公園に行ってみれば分かるが、ビニールシートも段ボールハウスもなく、あんなにもたくさん居たホームレスはいったいどこへ行ったの？と言うくらい居ないんだぜ。,0,0,0,0,,,,
118,>>111 正月は店が平気で大量のゴミ出して道路に放置しておくから、新宿の街中異臭がひどかったぞ。俺は横浜に行って道にゴミ袋が積まれてないし、あまりにも綺麗でビックリした。 やっぱりゴミ出しの日とかちゃん守ってるのか、品がいいんだな。,0,0,0,0,,,,
119,中央公園の人達は夏から居なくなりましたね。あの人達は何処に行ったのかな。117は墨くらいで騒ぐなよヘタレが。,0,0,0,0,,,,
120,>>118 108が言ってるホームレスは、現地の前で布団セット持って、最近12社通りを所在無げに行ったり来たりしてる長髪の男の事だと思うよ。 あれはさすがに目立つから良くない。,0,0,0,0,,,,
121,都心3区に湾岸は含まれてないと検討者が思ってるので、湾岸Loveの人が焦ってるらしいぞ,0,0,0,0,,,,
122,>>119店舗などの事業所が出すゴミは365日回収してますよ。一般のごみとは違います。新宿も別にいつもと変わらなったよ。,0,0,0,0,,,,
123,ビギナーさんの情報は割と嘘っぱちだし、印象操作で悪い方に誘導しようという意図を感じる,0,0,0,0,,,,
124,>>124ソロソロ、別キャラとして登場しますんで、期待して下さい。,0,0,0,0,,,,
125,ここよりGFTの方が安いんですね。どの部屋も350万以下で買えるようです。by 匿名さん　2015-01-09 08:35:01 投稿する 削除依頼いよいよ明日から第三期MODEL ROOM OPENなんですね。 ポストに宣伝が入っていました。 70C 70.18㎡(21.22坪) 6100〜7200万円台 坪単価287〜343万円 80B 76.67㎡(23.19坪) 7800〜8000万円台 坪単価336〜349万円 80J 81.03㎡(24.51坪) 7300〜8100万円台 坪単価297〜334万円 マンション価格が続々値上げされていくこのご時世で 港区のタワーマンションが坪単価200万円台で買えるのは本当にお買い得だと感じます。 一般サラリーマンが港区の新築物件を購入できる最後のチャンスかもしれませんね。,0,0,0,0,,,,
126,西新宿まで出張してよっぽど売れ行き悪いんですね～,0,0,0,0,,,,
127,中野区そばの僻地駅遠タワマンより、港区の方がどう考えてもいいと思いますが。しかも三井ですよ。それが安く手に入るんですよ。,0,0,0,0,,,,
128,その某部件は立地に魅力がないからここら辺の検討者に訴えても無駄じゃないかな,0,0,0,0,,,,
129,比べると安いって言うけど、長い目で見ると割高なんだよね。,0,0,0,0,,,,
130,すでに3期の物件を見せてやっぱ１期じゃないといい部屋選べないんだって思わせる作戦に違いない,0,0,0,0,,,,
131,港区に釣られて倉庫だらけのエリアに住むというは本末転倒な気もしますね。新宿くらい成熟した街の方が楽しいと思う。排斥しようという意図もないですけど、興味ない湾岸の宣伝は他のスレでお願いしたいです。ここよりは遥かに劣るでしょうけど頑張ればそのうち完売しますよ。,0,0,0,0,,,,
132,>>126略すの好きだね埋立民は。物件名がサーチエンジンにも引っかからないから他人に迷惑かけないでいいけどね。,0,0,0,0,,,,
133,ＧＦＴは立地は悪くない、芝浦再開発の恩恵を一番受ける立地、西新宿６０と比較すべくもないくらい恵まれている。倉庫とかいっているが駅からＧＦＴまでに倉庫街なんてなし、新宿駅や３丁目を徒歩圏というのならＧＦＴは十番、山手線新駅、品川、ヒルズ、ミッドタウン、虎ノ門、新橋、広尾、目黒、白金台などが同じように徒歩圏といえる。ＧＦＴはアウトフレームでデッドスペースなし、免振、眺望条件も西６０より全然いい。山手線の改札まで徒歩９分になる物件でその他６線くらいも徒歩１０分圏内。ブランド産科病院愛育病院と港区最大の新築複合公共施設が徒歩１-２分。港区は子供家庭への手当も都内随一（出産手当最大６０万）。芝浦の他新築は坪平均ですでに３５０以上まで上げてきているのでまさに最後のお買い得物件ではある。湾岸といっても運河や海は渡らず芝から数十メートルの地続きの立地だから湾岸ぽくはないけど。港区なんて全く土地勘なかったとしても港区でリーマンが買える最後の新築物件かもしれない。モモレジさんの２０１４年度最も売れたマンションに選ばれてるしね。でも歌舞伎町住人には港区とか全く興味ないし価値はないかも。多摩地区住民にも縁がなさすぎでぴんとこないから西６０がいいのかもしれんね、ただ色々見た方がいいのは確か。まあベイズもまだ買えなくはないし、白金もまだあるし、西６０も含めていろいろ選択枝があって今の時期はいいよね。,0,0,0,0,,,,
134,>>134現地行ったけどトラックと倉庫と汚い運河だけだったよ。ここには住めないって思った。まぁそんなにグローバルがいいならそこ買えば？誰も止めない。ここでの宣伝は迷惑だから止めてねって話,0,0,0,0,,,,
135,グローバルフロントタワーは、比較対象としては良いと思う。ってか、価格ファクター入れたら、都心連呼する人が出せるのそこ位だもんね。で、そのグローバルだけど、確かに都心の港区。でもここの批判ほぼ全て当てはまるよね。ここより駅遠い、ここより周辺がショボい、ここより買い物利便低い、ここより低地の運河。別にグローバルフロントタワー批判じゃないよ。安いし、区にこだわるなら港区だし、JRな田町が使えるので勤務地によってはここより便利だろう。エリアが違いすぎて直接の競合じゃないけど、比較してる人もそこそこ要るだろうし、その人はかなり悩むだろうね。たださ、ネガさんは、ここのネガ要素叩いておいて、ほぼ同じ要素含む物件を比較に出してそちらは持ち上げるって、どんだけ節操ないのか、と。,0,0,0,0,,,,
136,いつか再開発で綺麗になることを想像しながら暮らすのでしょうから夢があっていいことじゃないですか大方購入者さんなんだろうけど、あちこちで宣伝してみっともないですよ。売れてるならド～ンと構えてればいいのです。あとこのエリアで宣伝しても大した効果ないと思いますよ。始めから湾岸に興味ない検討層だと思うので。,0,0,0,0,,,,
137,＞＞新宿駅や３丁目を徒歩圏というのならＧＦＴは十番、山手線新駅、＞＞品川、ヒルズ、ミッドタウン、虎ノ門、新橋、広尾、目黒、白金台などが同じように徒歩圏といえる。 さすがにそれはないわ～。ここが新宿駅徒歩圏というのと訳がちがう。ここから新宿駅までは自転車で８分くらい、芝浦から自転車８分でどこまでいけるの？,0,0,0,0,,,,
138,"田町の物件自慢をしたいなら、山の手の渋谷,新宿,池袋では全く通用しないことを学習しないと。豊洲や晴海あたりでなら、田町が快勝できるとおもうから、そっちで戦えばいいよ。埋め立て地という土俵で。",0,0,0,0,,,,
139,仕事だけなら断然芝だろう。会社との往復だけならね。そうは言っても西新宿よりも良いって価値観は、今後、2、30年はありえないな。,0,0,0,0,,,,
140,ht60から自転車の移動は快適ですよ。前の通りは道幅が広いし、渋谷へ行くなら西参道口、参宮橋経由で２０分掛からない。暖かい季節ならもっと先までサイクリングを楽しめるでしょう。,1,0,0,0,,,,
141,＞仕事だけなら断然芝だろう。会社との往復だけならね。 男がこの時間に書き込みしてて暇？芝なんかに住んだら、奥さんと子供がかわいそうだわ,0,0,0,0,,,,
142,>>142女かもしれない,0,0,0,0,,,,
143,>134芝浦あたりを港区だと自慢して欲しくないな。申し訳ないけど、港区民はそこを同区とは認めていない。,0,0,0,0,,,,
144,>>144君が認めなくても事実港区芝浦なんだわ〜。,0,0,0,0,,,,
145,>>13460から、新宿三丁目のほぼ端っこ丸井メンまででも直線距離で1.8キロ。>ＧＦＴは十番、 山手線新駅、品川、ヒルズ、ミッドタウン、虎 ノ門、新橋、広尾、目黒、白金台などが同じよ うに徒歩圏直線で1.8キロ圏に入るのはきギリギリで麻布十番駅と山手新駅のみ。新橋2.2キロ、 品川、ヒルズ、ミッドタウン、虎 ノ門、広尾、白金台はほぼ同じ距離にあって約2.8キロ。目黒は3キロ超。,0,0,0,0,,,,
146,>>144確かに、港区の最下層だからね,0,0,0,0,,,,
147,>>147それでも、港区は港区。港区と新宿区と、どちらに住みたいですか？と一般人に質問すれば港区に住みたいって答えが圧倒的になるのは自明の理なんだわ〜,0,0,0,0,,,,
148,現状、ＧＦＴの高層で条件の良い部屋って、販売済みでは？,0,0,0,0,,,,
149,>>148すがるところが港区だけって惨めですね,0,0,0,0,,,,
150,>>150ここはギリギリ新宿区の境界だからここも、やっと新宿区にすがっている。,0,0,0,0,,,,
151,>>146Ht60半径1.8km内の駅山手線 新宿 代々木 新大久保大江戸線 新宿西口 新宿 代々木 都庁前 西新宿五丁目 中野坂上 東中野丸ノ内線 新宿三丁目 新宿 西新宿 中野坂上 新中野 中野新橋 中野富士見町総武線 代々木 新宿 大久保 東中野小田急線 新宿 南新宿 参宮橋京王新都営新宿線 新宿三丁目 新宿 初台西武新宿線 西武新宿東西線 落合,0,0,0,0,,,,
152,普通は区じゃなく駅やアドレスで話しますけどね区を強調するとこって大体エリア的にイマイチな場所で無理してでもその区にすがりたい方向けのエリア芝浦も然りな気がします・・,0,0,0,0,,,,
153,>>151港区最底辺の芝浦と一緒にされても困ります。,0,0,0,0,,,,
154,芝浦住人さんが紛れ込んでるようですが、その手の話題はもうおなか一杯です。港区というブランドがあっても芝浦じゃ大した価値はないと思うのでお引き取り下さいませ。ここよりご自慢の港区の他物件スレで宣伝したらいかがかしら。相手にされないかもしれないけど。,0,0,0,0,,,,
155,>145もうやめたほうがいいですよ。惨めじゃないですか？,0,0,0,0,,,,
156,>>153同じ湾岸でも区を出したがるのは芝浦、晴海、勝どきで、エリア名で言う人が多いのは月島、豊洲ってイメージがある。要は地元である程度完結出来る商業集積かあるか？なんだろうね。地元が栄えてるエリアは、地元名出しつつ、なんかあれば○○も行けるよ、みたいなアピールが多いから全面的に打ち出してる感が減るのかな。,0,0,0,0,,,,
157,GFTはファミリー向けの65～80平米くらい部屋がかなり売れ残ってんだよな単身DINKS向けの1LDK以下は早々に完売してるし需要を読み間違えたね,0,0,0,0,,,,
158,三丁目のメイン部分までどうみても２ｋｍあるけどね。２ｋｍ行ったって新宿しかいけないんでしょ？他は大久保と中野しか近くない？都心部までは６ｋｍから１０ｋｍあるような場所だからね。場所で芝浦と争ってもちょっと厳しいんじゃない。ただお客さん取られるのが怖いから必死になってネガしてるけど．．．腐っても港区かなうわけないよ,0,0,0,0,,,,
159,＞159文章が下手肯定なのか否定なのか？,0,0,0,0,,,,
160,割安で投資向けの１ＬＤＫはどの大規模物件でも一番最初に売れるんですよ。またＧＦＴは１ＬＤＫの割合は少ないからね。売り切れ何も数がもともと少ない。それはここで同じ現象が起こるからみてみ。大きな部屋になればなるほど金額も高額になるからそういうもん。なんにもわかってないな。,0,0,0,0,,,,
161,>>159ここ西新宿の物件スレなんですけどね、必死にネガしてるのは芝浦さんだと思うけど売れなくて困ってるのは分かるけど自重してね,0,0,0,0,,,,
162,芝浦の不人気さが周知されたのは良かったのでは,0,0,0,0,,,,
163,なんで芝浦連呼ここでするのか全くわからない,0,0,0,0,,,,
164,たぶんここの営業ステマがそこらじゅうのめぼしい物件に新宿60押しの書き込みしまくってたから、すこし反撃されただけでしょ。どこみても謎の西新宿押し書き込みされてたからね。ここのポジステマもやりすぎたよね,0,0,0,0,,,,
165,そうかな？他の物件スレはこのスレの芝浦押しほど酷くないよ,0,0,0,0,,,,
166,>>144元麻布に住んでますが芝浦も立派な港区ですよ。子供の幼稚園の友達もたくさん芝浦住んでますが、常識的でいい人多いですよ。どこは港区じゃないとか、誰も思ってないしそんな幼稚なこといいませんよ。しかしここは本当の検討者による書き込みがほぼなさそうですね。,0,0,0,0,,,,
167,明日モデルルームグランドオープンだから、外野さんが騒がしいのかな？,0,0,0,0,,,,
168,自分が検討してるタワマンスレ全てに西新宿の営業ポジステマされてたよ。あれはやりすぎ,0,0,0,0,,,,
169,>>169どこの物件よ？,0,0,0,0,,,,
170,＞＞１６７芝浦自体に興味ないんでそういう情報結構です。他所で宣伝してくださいな。,0,0,0,0,,,,
171,161=165=167芝浦さんは元気ですね,0,0,0,0,,,,
172,>>169各スレッドのURLとレス番教えてよ。どんな風にステマされてるか実際に確認したい。,0,0,0,0,,,,
173,３０年後を想像してみると、今はht60しか検討出来ないでしょう。人口減社会、急速に高齢化、医療難民、財政難になる自治体が出てくる。インフラの老朽化への対応と、都心部一極集中。オリンピック迄に変わる東京、その後の東京はもっと変わるだろう。,0,0,0,0,,,,
174,＞＞１１８公園を見に行きましたが、ホームレスは、何人かいました。歩道には、ビニールハウスがいくつかありました。他の公園では、ホームレスを見たことがないので、異様でした。散歩には向かない公園だと思いました。前スレにもあります。,0,0,0,0,,,,
175,>>175ここをあなたの日記代わりにしないでください。,0,0,0,0,,,,
176,>>176都合が悪い事実を書かれたからって、モミケソウとするのは良くないな。ここはあなたの所有物でもない。,0,0,0,0,,,,
177,ホームレス書き込みでハードルを下げておいて、現地にいったら居ない 。やり口が悪どいねぇ。,0,0,0,0,,,,
178,>>177あなたは、一部の状況だけを見て、それを全ての事実のように思い込み一方的に批判するから嫌がられてるんだと思いますよ。ホームレスは日中は公園内に荷物を置いて他の場所を徘徊してて、夜になるとその荷物を持って都庁付近のガード下に移動して寝泊りしてる。だから、訪れる時間帯によって、ビニールハウスだけ見かけたり、ホームレスと遭遇したり、逆に荷物もホームレスも全くないタイミングもある。工事や夏のデング熱騒動のときは追い出されて一斉に退去したのも、また事実だと思う。批判ありきじゃなく、もう少し客観的に物事を捉えたほうが良いのでは？,0,0,0,0,,,,
179,＞＞１７８失礼な言い方ですね。うそを言う理由はありません。検討物件ですから、真剣に考えて、家族でモデルルームの帰りに公園に行き、確かめています。ただ、異様に感じた事は事実です。タクシーが数台止まっている歩道上に、ビニールハウスがありました。,0,0,0,0,,,,
180,>>178あなたは、現地の公園を何度か見に行かれましたか？？ちなみに、何回行かれましたか？,0,0,0,0,,,,
181,>>181職場が中央公園に面したところだから、ほぼ毎日周辺通ってるよ。だからこそ、ここのモデルルームがオープンした秋以降に行ったのに中央公園がホームレスで一杯だったと言う感想が理解できない。どうせその内戻ってくるんだろ、とは思ってるけど、いま現時点では、あの規模の公園の中では群を抜いて見かけないよ。ブルーシートと段ボールハウスは特にね。,0,0,0,0,,,,
182,別に全く居ない訳ではなく、一部の人が都庁方面に移動して生活してる模様。ただ公園内の数はホントに大きく減った。もともと、ホームレスがいたから来づらかったのか、オフィス街だからなのか、時間によっては人があまり居ない公園だったので、下手したら見える範囲に自分しか居ないなんてことすらある(笑),0,0,0,0,,,,
183,"東京都と新宿区はホームレスの自立支援に力を入れていますし、実際かなり効果は出ていると思います。気になる方は、以下のページも読んでおくと良いかも。・新宿区ホームレスの自立支援等に関する推進計画http://www.city.shinjuku.lg.jp/fukushi/file04_02_00005.html最新の統計データは↓こちらhttp://www.city.shinjuku.lg.jp/content/000162890.pdf上記資料によると、新宿区内のホームレス数は、平成25年8月調査では120人で、平成16年8月のピーク時1,102人と比べると982人（89.1%）の減となっています。このうち新宿中央公園では、ピーク時339人から35人に減っています。（P7参照）周辺にお勤めの方も大幅に減っているのを実感されているでしょうね。この数は入居の頃にはさらに改善されてると思いますよ。",0,0,0,0,,,,
184,寒い季節は都庁近辺や新宿駅に居を移してるよ暖かくなったらまた公園に戻るでしょ。数十人はいると思うが、昔よりは減ってるのかもしれない,0,0,0,0,,,,
185,ホームレスのイメージとか10年前のものだよね。時代について行ってない人は先見の明がないと言うことで放っといて良いのでは。,0,0,0,0,,,,
186,東京のホームレス人口は少しずつ増加している。西新宿のようにホームレスが元々多い土地から完全に追い出すというのは人道的な部分からどうだろう。彼らは生保でなくて望んでホームレスのがいいと考えているのが沢山いるわけだから。歴史的にホームレス居住地区なのだからそのくらいの寛容さは必要。,0,0,0,0,,,,
187,新宿の寛容さが好きで新宿を選んだ者としてはホームレスがーとか治安がーとか言ってる人を見るとお前がお上品なエリアに退去しろって思うｗ,0,0,0,0,,,,
188,>>173例えば今日の西新宿タワー60の他検討板での宣伝はこんな感じだよ。６時４７分にはドゥトゥールでここの宣伝。 ６時４９分にはＫＴＴでここの宣伝。 ６時５１分にはパークタワー晴海でここの宣伝。 ６時５３分にはベイズでここの宣伝。,0,0,0,0,,,,
189,ステマの実績がなかったので、テンプレみたいなステマ始めましたって感じだね昨日の段階でのこと聞いてるんじゃないのかな？,0,0,0,0,,,,
190,ステマだらけと言っていた昨日の時点じゃ他物件でそれらしきレス無かったよ。時間空けて、大方ステマだらけと叫んでいた人が実績作りのために書き込んだと考えるのが妥当なのでは？まぁどうでもいいことですけど、他の物件と対立構造にでも持ち込んでこの物件のネガを誘発させたいのだろうかね,0,0,0,0,,,,
191,年明けあたりにも、複数のスレでここのステマ書きこみ見かけたよ。地権者が多いからなんとか人気にしたい必死なんだろうけど。逆にやめてほしいよね。,0,0,0,0,,,,
192,>>190本当のステマなら、ここの芝浦押しの人みたいにもっと長文でダラダラ書くよ。そんなやっつけ仕事みたいな短い文章で書かないよ、反感買うだけだから。,0,0,0,0,,,,
193,昨日169が逃亡した時点でお察しください。今日他のスレで書いてるのも大方そいつでしょ。,0,0,0,0,,,,
194,西新宿ステマは年末くらいから結構他スレで見かけるよ。いちいちそんなの擁護も批判もしても仕方ないでしょう。地権者が多いから多少しょうがないそういうのは。デベではないよ。三菱と三井はそういうのはやらないから。検討の話しましょう。ホームレスの話ももういいです。西新宿に多いのもみんなわかってて検討してるし、夏場に公園にもどってくるのも想定内。うちらは公園目当てでマンション買うわけじゃないしね。治安もしかり。そういうのも含めて新宿が好きだから検討してるわけでさ。,0,0,0,0,,,,
195,そもそも、芝浦が荒らし始めたから応戦してるだけと思うが。芝浦さん、港区同士の高台にも勝てないからって、山の手エリアにも決して勝てんよ。,0,0,0,0,,,,
196,>>たぶんここの営業ステマがそこらじゅうのめぼしい物件に新宿60押しの書き込みしまくってたから、>>すこし反撃されただけでしょ。どこみても謎の西新宿押し書き込みされてたからね。>>ここのポジステマもやりすぎたよねこれ自体がねつ造、他のスレでここの宣伝と思しきレス大してない,0,0,0,0,,,,
197,>>196書き方や内容がビギナーさんと酷似 笑,0,0,0,0,,,,
198,>>194確かに...とりあえず実績のために書いてみました、みたいな中身のない文章ですね他のスレでもスルーされて相手にされてないですよね,0,0,0,0,,,,
199,芝浦とかいう僻地にはこのエリアで検討してる人は誰も興味ないと思うのでその話題はもう止めませんか？不毛な気がします。,0,0,0,0,,,,
200,イマイチ盛り上がらないね。いろいろ検討が進むにつれ物件のウイークポイントが露見されて検討から外している人が多い気がする。一番盛り上がるのが一期前だからね。,0,0,0,0,,,,
201,その辺は１期の売り出し戸数で分かるでしょうね私はかなりの売れ行きになると見てますが。,0,0,0,0,,,,
202,４００でたらたいしたもんでしょう。ただこの物件は2期以降が勝負じゃないかな。割安な物件だけ最初は売れるだろうけど、価格帯は決して安くないからね。割高にみえる部屋の売れ行き次第だと思うけど，その価格帯はかなり苦戦すると見た。富久との比較では資産性がどうしても弱いからね。投資目的にできる部屋は一番安い１LDKくらいしかないようにみえる。,0,0,0,0,,,,
203,そんなのどこの物件でも同じでしょ。だから１期が一番売れる。まぁどのデベも調整で出す部屋絞ったりもするだろうけど。,0,0,0,0,,,,
204,>>205増税前の駆け込み時に、一期より売れた物件あったよ。それくらい売れまくったのが増税前。その時期に年間トップ記録した富久ですら480戸だったのに、400売れたらとか、どれだけここの期待値高く設定してるのか、って話だよ。ここは都心とガチ比較されたり、販売戸数がやたらに高く設定されてたりと、ポジよりネガの方が評価 が高いよね(笑),0,0,0,0,,,,
205,ビギナーの否定的書込みと対する書込みになっていたけど、検討者達はまたやってるよって静観しているだろうね。ここ見てる人たちってある程度知識豊富な層っぽいけどな。,0,0,0,0,,,,
206,ここは、いかんせん駅からの立地が悪いのが欠点。西新宿でも外れの方なのが痛いですね。既に完売してしまいましたが、ここならクラッシータワー東中野の方が交通の便を考えると良かったのではないかと。中野区アドレスになるのでそこが気に入らない人もいるんでしょうけど。,0,0,0,0,,,,
207,西新宿も新宿駅近くには今後もマンションは建たないだろうし５丁目、６丁目が今後も中心でしょう（８丁目のエムズもありましたが）７丁目の雑居ビルや駐車場が小規模マンションになるくらいはありそうだけどね。大規模ならこのエリアしかない。,0,0,0,0,,,,
208,ステマ反対！,0,0,0,0,,,,
209,>>208ただクラッシーは平均単価下手したらここより高かったんじゃない？,0,0,0,0,,,,
210,>>211クラッシーは駅近だから良かったなぁ。目黒駅前も高い価格みたいだから、駅近は高くて当然でしょ。,0,0,0,0,,,,
211,あそこは直下にスーパー入ってみっともないよ。,0,0,0,0,,,,
212,すぐ、スーパーって、素晴らしい。,0,0,0,0,,,,
213,真下には欲しくないけど近くには欲しいからこの物件くらいが丁度いい,0,0,0,0,,,,
214,まず一つ目の山はデベが売り出す部屋を決める前だね！自分の希望の部屋をしっかり決めアプローチ,0,0,0,0,,,,
215,>>215近くにスーパーあったっけ？湾岸では評価されていないマルエツプチ？,0,0,0,0,,,,
216,サミットやユニオンもありここは恵まれてるから下には要らないかもね見た目悪くなるし,0,0,0,0,,,,
217,>>218ハナマサ忘れてますよ。,0,0,0,0,,,,
218,＜１８２言っていることが？？,0,0,0,0,,,,
219,昨日の169の書き込み以降、他物件スレで露骨にこの物件の宣伝してそこと対立させ反感を煽るような書き込みが始まりましたね～誰がやってるかは一目瞭然ですけど・・,0,0,0,0,,,,
220,芝浦さんは、よほどこの物件が気に入らないみたいだからな 笑,0,0,0,0,,,,
221,GFTは山手線10分で20階以上の眺めが素晴らしい。資産価値はここより高いから、リセールに期待出来そうだ。ウィークポイントは普通のスーパーまで徒歩10分の為、ネットスーパー利用になる事だ。芝浦住民待望のスーパーを、再開発で誘致出来れば便利になるね。 残念ながら安くて条件のいい部屋はもう残ってないが、7500万出せる奴なら、今期まで温存してた上層の南東向きベスト部屋が買えるね。,0,0,0,0,,,,
222,公式サイトがアップデートされていますね。プランとクオリティのページが新しくなってるので、これからモデルルーム行かれる方はご参考に。,0,0,0,0,,,,
223,">>1731つだけですが典型例http://www.e-mansion.co.jp/bbs/thread/543123/res/1-2000/の342,393,406,451,484,505,508,563湾岸スレで新宿押しが続くのか不思議でしたが芝浦ということなら短い文章連投も納得。あえて三菱の物件には書き込まない工作も。8日を最後に鳴りを潜めました。",0,0,0,0,,,,
224,>>225もう芝浦の話はよくないですか。ここは契約者もいないのに初めから営業ステマやたら多かったのは事実だから、あまり芝浦をスケープゴートにするのもどうかと思うし、そんな詮索しても意味ない、子供みたい、くだらない。60の話しましょう。隣接区域にどんなタワマンが立つかどのくらいまで情報があるのでしょう。,0,0,0,0,,,,
225,西新宿最高層なんて素敵だわ,1,0,0,0,,,,
226,他のスレでもステマらしい投稿なんて大してないし、このスレで書かれてることも妥何でステマになるのか意味不明、どっちかというと的外れなこと言うネガに大して、まともに理論立てて説明してくれてるポジさんの方がありがたい。それがステマになるのか？,0,0,0,0,,,,
227,ANNでht60の紹介がありました。http://news.tv-asahi.co.jp/sphone/news_economy/articles/000042213.html,0,0,0,0,,,,
228,他の物件スレで、この物件が反感買うような、わざとらしい短文のポジ投稿が横行してますね,0,0,0,0,,,,
229,>>225やり方が悪質ですね、流石芝浦関係者ですな。,0,0,0,0,,,,
230,公式だいぶ更新されましたね。セミナーは満席のようですがMR自体は空きあるのかな,0,0,0,0,,,,
231,満席ですねー。なかなか予約とれないです。,0,0,0,0,,,,
232,あらま、湾岸はガラガラなのに＞＜,0,0,0,0,,,,
233,そもそも、ここで芝浦使って批判してる人と、芝浦他でここをダシにしてネガってるのが同一人物の可能性だってある。盛り上がってるスレならどこでも良いとか、一人二役上等とか書き込みが趣味な人だって居るんだからさ。だから、良いところも悪いところも事実だけ読んで、個人の感想とか、単なる予想とか、個人の思いの丈はスルーが正解。,0,0,0,0,,,,
234,来場数は相変わらず好調なようですね。１期でどれくらい放出するかね,1,0,0,0,,,,
235,スルーすればいいだけだけど、このスレの芝浦押しは悪質で気持ち悪い。グローバルフロントタワーには全く興味がないけど、売れなくて焦ってるのでしょうかね。,0,0,0,0,,,,
236,GFTはやっぱりお買い得ですよ。港区のタワーマンションで、東京タワーが間近に見える角部屋が坪単価330万。どう考えてもここの普通の部屋よりは資産価値高いでしょう？,0,0,0,0,,,,
237,湾岸僻地タワーに興味ないし、こことは競合はしないと思う。,0,0,0,0,,,,
238,>>北西角部屋80I、ものすごくお買い得な気がしてきました。 >>東京タワーが間近に見える、港区のタワーマンションの角部屋。 >>これだけでワクワクするのに、それが坪単価330万円で手に入るんですもんね。 >>西新宿（というか中野）で350万とかどう考えてもあり得なさすぎます（笑）荒らしてるのは多分グローバルのスレにいるこの人でしょうね,0,0,0,0,,,,
239,あらあら238と書いてる内容がほぼ一緒だね 笑,0,0,0,0,,,,
240,http://www.e-mansion.co.jp/bbs/thread/527771/芝浦の人は池袋でも暴れてますから、内陸が羨ましくて仕方がないのでしょう。,0,0,0,0,,,,
241,>>229１日で100組ならすぐ2000組くらい突破しそうですね。まだ年明けで人の動き自体が鈍そうですが、それでもこの数を集客できる勢いは凄いですね。,0,0,0,0,,,,
242,今どき湾岸タワマンって、、。住んでいる世界があまりに違いすぎる。ま、豊洲とか湾岸圏外なのでどうでもいいが。,0,0,0,0,,,,
243,グローバルフロント3lDkだけはいい部屋残ってるよ。ところで西新宿の締め切りはあと二週間なのに、来場が1200ってことは一期は250から300位じゃないの？ テレビ見た若い郊外組は遊びがてら見にくるが、年収低いから実際の申し込みはしないだろうし。郊外なら4000万台で良い3ldk買えるのに、わざわざ7500万以上の家に住み替えはしないからな。しかもここは芝浦みたいなパンダ部屋(2LDK 4710万)作らなかった為インパクト弱いし、富久と比べても都心5区に住んでる奴には全く人気がない。営業はシニア層と外人頼みだろうか。ひょっとすると、後発タワー4棟の値付けは、少し安くなるかもね。,0,0,0,0,,,,
244,1200組は昨年末の数字なので今は週末１日100組追加で２月の販売までにまだまだ集客できるでしょう。仮に１期で300追加の販売で100行けば半分以上完売、年度末に向けて不動産が動きにくい時期にそれくらい売れればかなり好調な部類に入るんじゃないかな。想像だけどそれくらい売れそうなポテンシャルはある物件だと思います。,0,0,0,0,,,,
245,駅遠、二流ゼネコン、囲まれ眺望、制震、イマイチ仕様から考えると 競争力劣るのに8%位高いな。損しても大丈夫なシニアとかあぶく銭稼いだ自由業の人は買うだろうが若いサラリーマンは手出すなよ。,0,0,0,0,,,,
246,>>247いつにも増して酷い言いようですが、今日はどうしたんですか？,0,0,0,0,,,,
247,スレは静かですが集客は凄いみたいですね。スレばかり盛り上がってる物件よりこういう物件の方が検討者は案外冷静に見極めているのかなって感じてます。こういう状況の方が案外売れてしまったりするんですよね。,0,0,0,0,,,,
248,>>246 1200は年末だっけ？じゃ、トータルは1500だから300だね。ここはフジタだから、デベがそれほど力いれてないのは分かるけど、宣伝費かけなさすぎだろ。頑張れよ。,0,0,0,0,,,,
249,毎週末２００組追加で２０００組は大きく超えるんじゃないかな。年始で動きが鈍いこの時期にそれだけ客を呼べるのは大したものですね,0,0,0,0,,,,
250,>>248 ごめん。ついオレの本音が。 他のモデルルーム見たから仕様の低さがヤケに気になってさ。 来月の結果が楽しみだ。,0,0,0,0,,,,
251,>>245来場者数と販売戸数ってエリア関係なく大体どこも比例するからそういう偏見に満ちた図式は成り立たないと思うよ。,0,0,0,0,,,,
252,相も変わらず芝浦ポジは気持ち悪いですね・・,0,0,0,0,,,,
253,再来場された方価格の変更などはありましたか？,0,0,0,0,,,,
254,欲しい部屋買えるのは１期1次だねスレの静かさとMRの熱さ西新宿は良いね,0,0,0,0,,,,
255,北新宿のリビオはどう？仕様は落ちるけど、低層で落ち着いた感じで価格もお買得感有りと思いますが。,0,0,0,0,,,,
256,一期250～300なら、十分すぎる売れ行きじゃないか。ビギナーさんがここを悪く言わないなんて一体どうしちゃったんだろう？！>>257リビオは価格ここの低層と大して変わらなくない？あくまでもお買い得感だけなら、こっちの方が上だと思う。ってか、低層って周辺より高くても、低層で有ることに価値を見出だせる人が買うものだから、そもそも、お買い得と言う概念が合わない気がする。,0,0,0,0,,,,
257,>>255あわよくばと思ってましたが大きな変更はなかったですね。正式発表までにまた変わる可能性はあると言ってましたが...集客のレスポンスが良さそうなので、大きく下がることはないかなって感じてます。,0,0,0,0,,,,
258,>>258 人気マンションは一期で半分位売り出すだからちょっと控え目じゃないか？ 新宿に憧れを持ってくれる人は沢山いると思うけど、購入出来ない層じゃ意味ない。でも最近テレビ見てここ興味持った奴も、まさか締切が今月末だって知らないと思うから、一ヶ月位伸ばせばいいのに。リビオは2LDKで4900 3LDＫで5900 からなんでこっちより安いだろ。 でもかなり苦戦してるみたいでDM広告がしつこい。 悪くないマンションなんだけどね。 ちなみに早稲田のタワーは大苦戦中。 こんな市況でもスーゼネかつ、割安じゃないとやっぱり人気はそこまで出ないんだろう。 パーク60クラスで坪単価350は欲張りすぎだ。人気の東急沿線が買えちゃうからな。,0,0,0,0,,,,
259,>>261人気の東急沿線買えるの？物件名教えて。,0,0,0,0,,,,
260,＞＞２６１大体１期のあとに２次３次と続くから３００行けばいい方でしょう。１期の最初で半数売っちゃうようならその後の追加で７，８割売れちゃうよ。流石にそれじゃ値付けの失敗だね。,0,0,0,0,,,,
261,ビギナーって基本無知だよな。,0,0,0,0,,,,
262,>>261何の締め切り？,0,0,0,0,,,,
263,ビギナーさんの締め切りはサイトを炎上させるバイトの評価日じゃないかな？,0,0,0,0,,,,
264,要望書の締め切りのことじゃないの？,0,0,0,0,,,,
265,ビギナーさんは、まさかとは思うが１期の抽選後にポジさんに変身するのではないかな？,0,0,0,0,,,,
266,>>261良く名前をあげてる富久ですら初回半分はいってないんだよね。ほぼ半分ではあったけど。大規模タワーは戸数が多い性質上、半分なんかいったら超大人気物件だよ。もしかしてビギナーさんは、ここにそのレベルの期待感持ってるの？,0,0,0,0,,,,
267,>>263富久がまさにそのパターンに近い売れ方したね。ここでたまに名前が出てるグローバルフロントタワーは380/883。ビギナーさんのいう初回半数が勝敗ラインなら、なぜグローバルに高評価あたえたし？と言う話になってしまう。グローバルは2014年ナンバーワンだっけ？ナンバーワンと比べたら1割や2割下でも十分大成功でしょ。330でグローバル並み、グローバル2割下で264。これに近い予想数字を控えめと言ちゃうビギナーさんは60を相当高く評価してるね。,0,0,0,0,,,,
268,集客数見る限りグローバル以上に売れそうな予感,1,0,0,0,,,,
269,グローバル始まった頃は、まだ皆疑心暗鬼のところがありましたからね。2期以降どんどん盛り上がっていった。今はラストチャンスと考えている人が多いから、ここはきっと人気になりますよ。中層階でも@300で買える部屋もありそうですので。ただ、割高部屋は、やはり長期戦覚悟でしょうね。まだ時間もあることだし。,1,0,0,0,,,,
270,>>271マンション販売ではモデルルームの来場の1割が申し込むと言う経験則があって、当初はそれを前提に集客目標たてるらしい。実際にはタワーは大抵もう少し高いとか、人気で2割くらいの物件があったり、逆に5%位の物件もあるので、目安に過ぎないけど、どのくらいになるかは接客の手応えで何となく分かるらしい。ここは、いま1200組なので、発売までにもう少し集客するとして250～300辺りってのは、そこそこ可能性ある予想。グローバル以上となると今の倍位の集客が欲しいかも。ただ、300も売れたら>>270のとおり、なかなか好調と言える。,0,0,0,0,,,,
271,70㎡代の角部屋（北西、南西）は軒並み低層からほぼ８千万半ば以上したが、人気は角部屋だそうで・・・。モデルルームの９５㎡の角部屋は１億以上、立地の周辺を歩くと寂しい気分になるが、本当にあの立地で安価かな・・・？冷静に考えれば、安価なのは北向きや西向きの中住戸だよ？南が新宿方面で高層でなければ視界が開けないのが痛い。,0,0,0,0,,,,
272,久しぶりに言わせて下さい。億ションありがとうございました。,0,0,0,0,,,,
273,＞２７２，２７３中層の＠２５０～３００ってどの向きの何㎡の部屋を検討しているのかな？,0,0,0,0,,,,
274,１期は販売数も重要だが、買え無かった人がどれだけいるかが、次以降の販売に弾みがつく！そこに税制的な追い込みなどなく売れて行ったら真の人気物件,0,0,0,0,,,,
275,１期１次の後で、人気の部屋がどれだけ残されるかでしょう。三菱晴海のクロノでは、人気の角部屋と同じく人気の低層北向き割安部屋を最初に販売してしまい、人気のない中住戸が残ってしまった。最後は五輪開催ブームで完売したけどね。,0,0,0,0,,,,
276,>>277スケジュール的にはここはついてないよね。完成まだまだ先だけど、消費税増税の特例に備えて3月までに売るスケジュール組んだのに増税延期。延期でも一旦売り始めると、長期は引っ張れないからモデルルームオープンしたら、今度はエコポイントにフラット優遇。売り手も買い手も情報収集が要るから、多分もうしばらくスケジュール押すだろうね。,0,0,0,0,,,,
277,これで一定数売れるようなら部件のポテンシャルがあったということでしょうね,0,0,0,0,,,,
278,279さんフラット優遇は金消契約時だと思ってました。,0,0,0,0,,,,
279,>>276例えば、18階、55B1、56.39㎡、5300万円とかいかが？13階なら5100万円ですよ。東向ではありますが・・・,0,0,0,0,,,,
280,13階申込予定です。抽選回避したいので、入れないでくださいね。,0,0,0,0,,,,
281,>>281金消時であってるよ。でも、0.6%優遇はかなりデカイから優遇の条件や期間が合わなければ別の物件も検討するかもって意味で無視はできないんじゃないかな。,0,0,0,0,,,,
282,>>283私も１３階で勝負します。,0,0,0,0,,,,
283,俺は全然ここを評価してないが、先高ムードに流されて購入する奴も結構いるから250から300は出してくると思うよ。 幸い人気のあるベイズやGFTの良い部屋は僅か60戸位しか残ってないしね。 但し西新宿は倍率はつかないだろう。>>284 自分で住むの？ ならいいけどさ。その部屋なら賃料は22万程度。今は店子に値切られるが当たり前だから、タワマンは賃貸に出さない方がいいよ。あと、ここの修繕積立金は五年毎に倍になっていく。,0,0,0,0,,,,
284,>>283えっ！かぶった！,0,0,0,0,,,,
285,抽選の部屋はそうないだろ。投資対象にならない物件だし、歌舞伎町と多摩地区と新宿西口最寄りのタワマンだと勘違いして買わされる中国人の需要が中心になるだろうが、何せ価格帯が高い。含み損を覚悟して買える層はそれほど厚くないからね。資産性や生活環境、利便性を重視する層はベイズ，ＧＦＴ，ＫＴＴ買うからね。,0,0,0,0,,,,
286,ビギナーさんは湾岸からはるばるですね。西新宿の検討者は湾岸には興味も関心も皆無なので、そっとしておいて貰えないでしょうか。湾岸情報もちろん不要です。多様性を受け入れなければならない時代ではありつつも、きっとこれまでもこれからも住む世界が違います。,0,0,0,0,,,,
287,>>289いや、ビギナーさんは実際はここを買いたい人だと思う、に１票。,0,0,0,0,,,,
288,ここは投資向けではないわな,0,0,0,0,,,,
289,しかしここは利害関係者ばっかりのスレで疲れますね,0,0,0,0,,,,
290,>>291というか投資向けなら新築分譲自体がないでしょ。相続税対策なら、相続終わったら売って現金化するために、収益は高いが値下がりキツい投資用じゃなくて分譲買う意味もあるけど、普通は一棟モノだしなぁ。,0,0,0,0,,,,
291,だから俺はココ買わないってば！ 笑ちなみにオレの叔母も従兄弟も富久買った。,0,0,0,0,,,,
292,キャピタルゲインとか期待できる物件じゃないのは十分わかってるから何度も言わなくてもいい。俺は職場が歌舞伎町で一生新宿で稼いて暮らしてくつもりだからな。俺の歌舞伎町の友達や知り合いでここ買う予定のやつは住居予定もいれば嬢やメンズの寮としてつまり仕事用として買うやつが多い。キャピタルとかせこいこと言ってるやつはいないぜ。歌舞伎町からタクシーで１０分ちょっとで帰れる場所というのは便利でいい。駅から歩けないくらいの距離が丁度いい。,0,0,0,0,,,,
293,>>295わざわざ立場変えてビギナーさんお疲れ様,0,0,0,0,,,,
294,まあ、ある意味利害関係者かもね。 汚い新宿から脱出して、お洒落で整然とした住宅街で暮らしてみたい。,0,0,0,0,,,,
295,>>295ウケるんですけどー。分かりやすすぎ(笑),0,0,0,0,,,,
296,ここが投資物件だと感じてるやつは本当にいるのか？だとしたら根拠をだしてほしい。調べた限りでは儲かる要素は極めて少ないと思う。,0,0,0,0,,,,
297,下がる要素は極めて少ないと思う,0,0,0,0,,,,
298,295はオレじゃないよ。 実際、水商売はマンションは買う金ないよ。 稼いで貯めても家は買わず、独立資金にするの事が多い。 タワマンにいるのはパトロンか愛人に家賃出してもらってるだけ。 ホストはゴミの分別してくれない。,0,0,0,0,,,,
299,２９５は以前にビギナーさんが書いてることほぼ同じ文章なので同一人物と思われます。,0,0,0,0,,,,
300,めちゃくちゃ上品な住宅街に住んで、オレの汚れた心を綺麗にしたい。,0,0,0,0,,,,
301,ビギナーさんの立ち位置は毎度よく分からんがw新宿に住んでるのは一応ホントっぽいんだよな。せっかくだから聞いてみるけど、新宿の魅力・売りってどんなところだと思います？,0,0,0,0,,,,
302,下がる要素がないって、なんだよ（笑）2020前から東京不動産下がるんだから上がる要素がなければ田舎と同じように下がるだけ。ここの利害関係ポジはしかし。。。まあ完売までその調子なんだろ、まあがんばれや。,0,0,0,0,,,,
303,>>302 しつこいな。ギャグセン高い奴が オレの成りすまししてんだろ。 わざわざこんな高い物件購入して、仕事部屋なんかにしない。一人がタワー賃貸して、家賃を浮かすために友人などに日替わりで利用させるっていうのもやってるよ。あれ、この部屋女性が住んでたと思ったら、次の日は見たことない男達が入って行くとかある。,0,0,0,0,,,,
304,ビギナーさんの自作自演なんて今に始まったことじゃないよ。立場変えてずっと存在してるから。書いてる内容には大差ないけど　笑,0,0,0,0,,,,
305,新宿の魅力はオフィス街とピンク街が合わさってるところ。世界一大きな駅新宿に住みたい人は多いし、需要は永遠。真の24時間都市大学病院が多い。教育レベルが高い。野暮ったいところ。映画館、デパート、飲食店などたくさんある。電車で行くのにとても便利。かといってちょっと歩いていくと住宅街がある。町は開発されたものでなくて徐々に発展してきたことが感じられるところ。昔のものと新しいものが混じって存在しているところ、そして何より活気がある。( 12社通りは除く),0,0,0,0,,,,
306,来場者1500組突破。このままなら販売前に2000組は行きそうだね。ネガればネガるほど逆に宣伝になってしまうのは皮肉だね。ホントの不人気物件は最終書き込みが1ヶ月前とかだったりするから、下のほうにひっそりで誰の目にも留まらないんだよね。,0,0,0,0,,,,
307,>>309たしかに、一ヶ月書き込みないのはヤバイよね。しかし、ある晴海の物件のようにスレ伸びは半端ないが売れない物件もある。ここはそこそこ売れるよ。ただ富久みたいな売れ方はないだろね。投資的価値は乏しいが実用住居としてはそこそこ売れる。多摩需要と歌舞伎町需要は規模が大きいからね。,0,0,0,0,,,,
308,>>310多摩＆歌舞伎町需要　笑書いてることがビギナーさんと一緒,0,0,0,0,,,,
309,建築現場前に住み着いたっていうホームレスはまだいるの？,0,0,0,0,,,,
310,ビギナーさん、ここの人気になりそうな部屋を買いたい人だと予想します。だから倍率を高くしたくないための書き込みだと。根拠は、初心者ではないのにビギナーと矛盾して自称している点と目立つ半角で名前を書き、買った後はネガ投稿を自分で簡単に見付けて削除依頼し易い点。どう？,0,0,0,0,,,,
311,価格が他エリアに比べて割安だから湾岸あたりからごっそり客が流れてきそうで心配だわ。倍率つかなきゃいいけど。人気の新宿エリアの物件を安く手に入れるのは簡単じゃないんですね、とほほ。。。,0,0,0,0,,,,
312,人気の新宿エリア(笑)ですか．．．自作自演爆発なスレ。しんどいです。検討者の書き込み皆無。,0,0,0,0,,,,
313,西新宿のはずれの川べり、エリアで一番駅遠（しかも大江戸線）、場末感漂うほぼ中野の立地のペンシル制震マンションで坪３５０が割安ってどんな感覚やねんとおもうけどな。安くはない！以上！,0,0,0,0,,,,
314,ますます、倍率下げが目的に思えてきた…いやよいやいやも好きの内。,0,0,0,0,,,,
315,倍率下げが目的に決まってるでしょ。買わないと言いつつこれ程しつこくへばり付いてるのが証拠。,0,0,0,0,,,,
316,なんか湾岸とか興味ないし、比較にならないと言いながらステマ隊は意識しすぎだよ。湾岸の坪３５０でも買える購買層を引き付けて買わせたいんだろうけどさ。たとえば「価格が他エリアに比べて割安だから湾岸あたりからごっそり客が流れてきそうで心配だわ。倍率つかなきゃいいけど。 人気の新宿エリアの物件を安く手に入れるのは簡単じゃないんですね、とほほ。。。」みたいな書き込みは本当やめたほうがいい。湾岸意識しすぎだし、文面がわざとらしすぎ、本当の検討者がこんなこと言わないことくらいちょっと考えればわかるでしょう。ステマするなとは言わないがやるならもうちょっと丁寧にやってください。正直このスレはちゃんとした検討の書き込みがすぐな過ぎる。安普請なステマセリフばっかりで残念。検討者でもっと有意義な情報を語り合いましょう。そうすればこういうステマも少なくなるはず,0,0,0,0,,,,
317,集客数ですでに人気があることは証明されてるようなものですからね。碌に宣伝してないのに大したものですね。,0,0,0,0,,,,
318,倍率は気にしも仕方ないと思うわ。低層お見合いの安い部屋は、どんなに悪口書かれてもお買い得感から倍率なんか下がらない。そういう特殊な部屋以外は大して倍率はつかないし、もし外れても一期二次に似たような部屋出てくる。だいたい、富久も8倍とかの部屋もあったのに平均倍率だと1.6倍位だっけ？1部屋8倍で7部屋が1倍でも8部屋の平均は2倍越えるんだから、一部の部屋以外はほぼ抽選になってないってことだよね。こんな状態なんだから、倍率下げとか無駄なことは止めてまともな検討スレにしていただきたい。,0,0,0,0,,,,
319,上の例だと平均1.9弱だっので2倍は越えなかった。計算ミス。すまん。,0,0,0,0,,,,
320,>>321まあ、褒め過ぎセリフの投稿を見て倍率上るのを心配する人がいるのは分かる。,0,0,0,0,,,,
321,過去の西新宿の実績みれば、売れ残りは確実と思います。,0,0,0,0,,,,
322,過去の西新宿駅の近くのパークハウスはシンガポールで販売会を開いて売ったのだからここだって外国で販売会を開けば完売できるでしょう。,0,0,0,0,,,,
323,あれ早期に完売したアトラスは無視？,0,0,0,0,,,,
324,シンガポール富裕層の購買意欲には勝てないか。,0,0,0,0,,,,
325,中国人が相当数買ったのは勝ちどきのドゥトールだよ。オリンピックを見たいんだって。ここは思ったほど外人には人気なかった。,0,0,0,0,,,,
326,>>312 長髪、リヤカーに布団積んでるホームレス はここ数日見てない。 営業さんがここ見て警備員に注意してくれたみたい。 でもこぎれいなホームレスが居た。,0,0,0,0,,,,
327,なんだかN対ビギナーさんによる個人チャットみたいになってますね。それでも有益な情報ならいいけど、ネットに氾濫してる情報をただ小出しにだされてるだけという現実。書き込みを少しでいいので遠慮していただけないかなと思います。湾岸の板に戻ればいいのになあ。,0,0,0,0,,,,
328,>>330は有益な情報や検討事項無いの？ オレ一人だと疲れるから、盛り上げてくれ。,0,0,0,0,,,,
329,>>328勝ちどきではなくて、勝どきドゥトゥールは勝どきではなくて、晴海ビギナーさんが実際には、湾岸に詳しくはないのが分かりました。,0,0,0,0,,,,
330,ビギナーさんの言ってる事は戯言以上寝言以下,0,0,0,0,,,,
331,はいはい。DEUX TOURS（ドゥ・トゥール）の最寄駅は勝どきね。晴海駅ってあるの？ 日経新聞の一面に出てたから読めよ。,0,0,0,0,,,,
332,>>334湾岸のスレで、ドゥトゥールを勝どきだなんて言ってる人はいないよ。最寄駅、ならここは西新宿五丁目だけどここを皆が西新宿五丁目物件なんて言わないのと同様だから。ビギナーさん、湾岸に詳しい振りをして本当はここを買いたい人である証拠がまた一つ。,0,0,0,0,,,,
333,ビギナーさんはここと勘違いしてないか？http://sasp.mapion.co.jp/b/doutor_s/info/01011603/?t=infomap&shopmastergyokna=1100,0,0,0,0,,,,
334,>>335本当にポジティブ！地権者の団結力ハンパない。,0,0,0,0,,,,
335,>>326この近辺だとこんな感じだね。好調：エムズポート、アトラスタワー普通：ジオ、プレミスト、苦戦：パークハウス（北新宿）大苦戦：コンシェリア好不調は時期より価格の方が影響が強い感じかな。苦戦の2つは絶対額が高い物件だったので、あまり高すぎる価格だと「じゃあ、都心買うし」ってなってしまうんだろうな。その点、今ここの価格で帰る都心物件はロクなの無いから、そこそこ人気になるかもね。,0,0,0,0,,,,
336,そこそこ人気は納得です。ガチでスペック比較した場合には微妙。身の丈に合ったポジでＯＫかと。その辺で地権者の意味不明なポジが反感を買います。ニーズは必ずあるので問題ないと思いますよ。新宿リスペクトは多いですからね。,0,0,0,0,,,,
337,>>338他だとパークリュクス、少し離れて７丁目のブランズ、５丁目の駅前タワー、リビオの対岸(中野区だけど)レジデンシャルなどもありましたね。どれもそこそこのペースで売れた物件だと思います。個人的にはラトゥールの地権者住戸が一番心惹かれましたけどね。,0,0,0,0,,,,
338,パークリュクス、ブランズは共に、竣工前くらいに売り切った感じだった気がしたので普通グループかな。レジデンシャル中野坂上は、竣工後も半年くらい売ってた気がする。あんな奥まった場所の地味物件にしては健闘した方だとは思うけど、グループ分けするなら苦戦グループかなぁ。中野区を入れるのなら、同じ西新宿五丁目圏内のパークタワー渋谷本町の方が性格が似てるような気がする。パークタワー渋谷本町はあんな微妙な場所だけど価格の妙で売れたよねぇ。5丁目タワーは、セントラルレジデンス新宿新都心のことだと思うけど、その当時はこのエリア注目して無かったのでどうだったのかわからない。でも、売り惜しみ住友だから、好調グループに入るわけはないよなぁ、とは思う。,0,0,0,0,,,,
339,俺は７丁目の丸正上のシティタワーと甲州街道向こう側、渋谷区だけどファミール新宿タワーが良かったな。新宿駅まで8分くらいだし。まぁ結構前の分譲だけど・・,0,0,0,0,,,,
340,セントラルレジデンスは不動産関係者に人気だった。視認性抜群で新宿駅から歩けるからね。 築13年も経つ今も、家賃高く取れてる。 結局、立地なんだよ。,0,0,0,0,,,,
341,５丁目のセブンの上がシティタワー新宿新都心で丸正の上がセントラルレジデンスですよね,0,0,0,0,,,,
342,>>3437丁目のセントラルレジデンスって、中古でも、ここより高くない？ そりゃ家賃高くとれるだろ。分譲時期が最安値に近い2002年完成だから買った人は儲かってるだろうけど 、完成後も延々と販売してたぞ。なにより、あそこにいま新築建てたらとんでもない値段になると思う。不動産は立地だけど、立地は価格。,0,0,0,0,,,,
343,やはり新宿は鉄板だね。資産価値も保てるし、賃貸にも困らない。出来れば山手線内側ならなお良いが西新宿でも十分いけると思う。しかしこんだけ安いと希望の部屋をゲット出来るとは限らないな。,0,0,0,0,,,,
344,セントラルレジデンスは新宿駅徒歩10分圏内だからね、本当の新宿駅物件なんだから当たり前でしょ。ここは新宿５丁目駅の物件で新宿駅から徒歩で通えない。それで資産性が高い、家賃高くとれるって無茶苦茶な理論だ。大久保，新大久保，参宮橋駅からのがこの物件より新宿駅まで近いんだよ。無茶ポジはやめてほしい。,0,0,0,0,,,,
345,>>347微差だけど大久保、新大久保は同じ、参宮橋は少し遠いんじゃないかな。それぞれ距離は殆ど変わら無いけど。新宿駅まで歩きやすいという利点は西新宿にあるでしょう。,1,0,0,0,,,,
346,>>347343も345も、セントラルレジデンスの方が資産性高いのは当たり前って話をしてるんだけど？343はセントラルレジデンスは家賃高くとれるのに、それと比べここはイマイチ、345はそもそも価格帯が違うんだからここがイマイチなのは当たり前、という、貴方と同じ意味の発言してるだけじゃないか。346ですら、山手線の内側に比べたら落ちると言ってるし。いったい誰と戦ってるの？,0,0,0,0,,,,
347,大久保・新大久保は南口から９００ｍないくらいだよ。しかも全然歩きやすいし。ここは１２００ｍ，参宮橋駅からも１２００ｍ．ここは新宿改札まで２０分だけど大きな交差点をいくつも渡らないといけないから実際信号待ちまで加味したらもっとかかる。歩道やビルの２階通路かと使えばそれはそれで時間かかるから。実際購入者の中で新宿駅まで歩いて通勤する人ほとんどいないし、そんな実際には歩かない距離を無理に徒歩圏とかいうからネガが増えるんじゃないかな。新宿駅まで徒歩９分の物件と同列にしたり検討者とは思えない無理なポジですよ。参宮橋の物件が新宿徒歩２０分！って一番の物件の売りにしないでしょ。普通に大江戸線新宿５丁目徒歩圏の物件で問題ない。,0,0,0,0,,,,
348,">>347大久保，新大久保,参宮橋駅からのがこの物件より新宿駅まで近いんだよ。無茶ポジはやめてほしい。>>>>>>どっちでも良いし、大して変わらないんですけど。",0,0,0,0,,,,
349,>>350新大久保に南口はないんだが・・・。,0,0,0,0,,,,
350,>>350このマンションから新宿駅に行くのに、ビルの二階通路なんて通る？どこ歩いてんの？,0,0,0,0,,,,
351,>>350新大久保は大久保通り側にしか出口がないから大分遠くなる。そして、大久保、新大久保共に青梅街道をわたらないと新宿に着けない。(遠回りな地下街経由すれば信号には引っ掛からないけど)ここは、新宿駅に行くなら途中に大通はないよ。新宿駅に毎日歩いて通うわけないのは同意だけど、批判に事実じゃないことを混ぜるのは、信憑性をなくすよ。,0,0,0,0,,,,
352,ここは超人気化しそうだね。敷地内にスーパーや保育園があればベストだけど、今検討可能な物件の中では一番いいかなと思ってます。お見合い部屋でもいいから割安な部屋を狙いたい。出来れば角部屋で。,1,0,0,0,,,,
353,ここから大久保・新大久保の方が新宿駅まで全然近いのは事実だし、参宮橋と同じくらいなのも事実でしょ。同じ距離だとか言うほうがよっぽど嘘なんじゃ。。。大通りないって新宿駅まで少なくても信号付きの道路を４つ渡らないといけないでしょ。資産性どうみても弱く、近隣で一番場所が悪い川べり駅遠で制震ペンシルマンション。条件的にはエリアで一番中古として評価低くなるだろうに坪350は少し高いと思うよ。投資対象にはならないから人気といっても西新宿5丁目と中野好きの実需だけだろう。,0,0,0,0,,,,
354,地権者団結無理ポジ隊はお引取りください。あるいは無理ポジはやめて検討者のやりとりを傍観していただけるとありがたいですね。,0,0,0,0,,,,
355,>>356たった今、【参宮橋からのが近い】が、【参宮橋と同じくらい】になりました。ありがとうございました。,0,0,0,0,,,,
356,＞＞３５６言ってることがビギナーさんと一緒だね、気に入らないなら別スレいけば？>>西新宿5丁目と中野好きの実需だけだろう。この場所でどうやって中野好きの需要掴むの？意味不明です,0,0,0,0,,,,
357,１知識も無いのにつっかかる２返り討ちにあう３またつっかかる以下、２〜３繰り返す,0,0,0,0,,,,
358,参宮橋の物件も生活利便施設として徒歩換算で新宿駅の商業施設も紹介してますよ。売り方としてはどちらかと言うと明治神宮や代々木公園を前面に出して売りますけど・・ここが別に新宿を徒歩圏として売ってもおかしくはないと思う,0,0,0,0,,,,
359,タワーマンションを幅広く探しているけど、ここは他に比べて明らかに割安な気がする。まあ去年に比べりゃだいぶ高いけどねぇ。今のマーケットを鑑みると、内陸のタワー、しかも新宿で350だと安く感じる。申込みが殺到しそうで恐い。,0,0,0,0,,,,
360,>>356あのぉ、大久保駅南口から新宿駅に歩いても信号4箇所あるんですけど・・・・。大通かどうかは信号の数では決まらないと思う。,0,0,0,0,,,,
361,新宿駅の基点をどこに置くか次第で距離は変わるので公平を期して西口改札基点にすると、ここ、大久保北口、新大久保出口はみんな直線距離で1.2キロの同心円上。参宮橋は1.4キロ。東口改札を基点にすると、大久保北口、新大久保が1.2キロ、ここが1.4キロ、参宮橋は1.5キロ。参宮橋とここが同じくらいなら、大久保の南口以外は全部同じくらいだねぇ。大久保の南口だけは300メートル位近い。,0,0,0,0,,,,
362,みなさん駅までの距離を比較されてますが、別に新宿駅が目的ってわけじゃないんじゃないでしょうか。私は西新宿の無機質な雰囲気が好きなだけです。,0,0,0,0,,,,
363,お！マジの需要ですね。無理ポジより説得力ある。住み慣れれば良い場所なのかな？,0,0,0,0,,,,
364,無機質な街が好きなら、湾岸にだっていくらでもあるんだが。,0,0,0,0,,,,
365,>>367違いがわからないの？,0,0,0,0,,,,
366,>>368湾岸は新しい無機質な街、西新宿は古い高層が多い無機質な街。,0,0,0,0,,,,
367,湾岸で350なら、新宿は400いってもおかしくないな。ここが350ならかなりのお買い得物件だね。西新宿に決めちゃおうかな。,0,0,0,0,,,,
368,>>370無理ポジ発見！確保～！！,0,0,0,0,,,,
369,4階の南西や南東の角部屋は明らかにお買い得価格ですよね。10年位住んだ後に売却しても、購入価格かそれ以上で売れちゃいそう。,0,0,0,0,,,,
370,>>372へーおいくらなの？,0,0,0,0,,,,
371,>>3724階だと、その上に56世帯が住むことに…大勢の足の下で生活する暮らし。,0,0,0,0,,,,
372,>>374そんなこと気にするならタワーはやめるべし。,0,0,0,0,,,,
373,低層階の人は、高層階の同じ床面積の部屋と同じ額の管理費修繕費を払ってくれるから高層階の人にとって、もともと足の下の力持ち。,0,0,0,0,,,,
374,>>37257.47平米5100万円台（南東）、57.94平米5400万円台（南西）。ただ、ココは角部屋じゃないんで、77.90平米7700万円台の事かな。,0,0,0,0,,,,
375,上のは372じゃなくて、373さんあてでした。,0,0,0,0,,,,
376,>>370 逆効果渋谷区役所、渋谷公会堂の再開発土地に建つ三井の70年定借マンションか、新宿の高島屋の裏は価値が高そう。みんなで情報集めようぜ。,0,0,0,0,,,,
377,>>379高島屋の裏ってまさか、細い路地の先に建つプレシス？,0,0,0,0,,,,
378,>>377あまり安くないじゃん。。,0,0,0,0,,,,
379,>>380プレシスは微妙でしょ。,0,0,0,0,,,,
380,>>381まぁ、外れとは言え一応新宿だしね。今のご時世、もっと郊外でもこれくらいのマンション普通にあるからね。,0,0,0,0,,,,
381,>>380そんなあほな。いくら無知だったとしても、今さらプレシスは引き合いに出さないでしょ。,0,0,0,0,,,,
382,郊外ではなく中央区のタワマンだって買える価格だね,0,0,0,0,,,,
383,>>380 違う違う。 デカイ駐車場になってるところ。住所は千駄ヶ谷,0,0,0,0,,,,
384,>>386あそこは、まだ計画がないんじゃない。,0,0,0,0,,,,
385,>>385湾岸は郊外だよ,0,0,0,0,,,,
386,>>388無理矢理ななボジは説得力ない。,0,0,0,0,,,,
387,えっ湾岸は郊外だと認識してました,0,0,0,0,,,,
388,>>390都心五区、は都心三区があってこそ。新宿の端っこのここも都心五区なら、中央区の端っこの湾岸は都心三区。,0,0,0,0,,,,
389,あ、港区の湾岸も都心三区に入れてあげないと。,0,0,0,0,,,,
390,マンション買うときに区単位で考えないだろ〜湾岸が都心て…,0,0,0,0,,,,
391,>>393ここもね！,0,0,0,0,,,,
392,確かに区単位で考えないならここも郊外の川沿い,0,0,0,0,,,,
393,今はどの部屋が人気なんですか！？,0,0,0,0,,,,
394,>>396北向きの1LDKは、ほとんど希望者がいると聞きました。,0,0,0,0,,,,
395,>>397なるほど。やはり土地柄3Lファミリーより小ぶりなシングル、ディンクス向けの方が人気なんですかね？,0,0,0,0,,,,
396,>>398そりゃそうでしょ。再開発等でファミリー増えたとはいえ、まだまだファミリー向けのイメージのある街じゃないしさ。なにより8000万は一般的なファミリー世代には手届くれレベルじゃない。,0,0,0,0,,,,
397,角部屋もかなり希望が入っていると営業マンが言ってましたねー,0,0,0,0,,,,
398,3Lを2Lに変更すれば？,0,0,0,0,,,,
399,カウンターキッチンとウォークインクローゼットが両方あるプランがほとんどないですね。無償変更したとしても。,0,0,0,0,,,,
400,ホント、間取りがイマイチですよね。ハザードマップみたら、地盤も？みたいですし。悩みますね。http://disaportal.gsi.go.jp/,0,0,0,0,,,,
401,みんなライバル落としに必死ですね。正々堂々戦いましょう。またトミヒサみたいになるんでしょうか。。,0,0,0,0,,,,
402,神田川沿いだし洪水ハザードマップでも危険地帯もろ被りなのは仕方ない。,0,0,0,0,,,,
403,富久と同じなのは同じ新宿区のタワマンというだけ。資産性，周辺環境，交通利便性などほぼすべての条件で劣るこの物件。けど坪単価は２０も高い。同じように売れるわけないでしょ。西新宿５丁目好き、神田川好き、歌舞伎町住人がタクシーで通勤できる住みたい実需だけだから。,0,0,0,0,,,,
404,西新宿が洪水するなら、湾岸辺りは水没でしょ(笑),0,0,0,0,,,,
405,>>406過去と比較しても意味無いでしょ。未来と比較しないと。トミヒサに比べたら高いけど、五年後と比較したら激安。,0,0,0,0,,,,
406,湾岸なんて眼中にないといいながらいちいち引き合いに出す矛盾。意識しすぎだよ。物件の検討を深めなさい。,0,0,0,0,,,,
407,人気物件…過去のお得物件と比較不人気物件…未来の交通網などの話ばっか,0,0,0,0,,,,
408,いやいや周辺中古相場見るかぎり、割高ですよここは。リセールや投資など考えるなら厳しい物件と言わざるを得ない。5丁目周辺でも一番駅遠で一番眺望条件悪くて川べりの条件ではこれから隣接区域にバンバンタワマン建つのにリセールバリューは比較して劣性になるのは目に見えてる。永住目的なら環境が気に入ればなんの問題もないと思うけど。,0,0,0,0,,,,
409,>>412今後出てくるタワマンの価格、分かってます？本当に勉強してる？,0,0,0,0,,,,
410,5年後はもう東京は値下がりが始める段階だからね。そこらへんで分譲開始してくる隣接タワマンはここと同じかより安いのに仕様が高くなる可能性が高い。しかも隣接のが少し駅近になってくる。ここが一番中古では低い評価になる可能性高い。本気で投資考えててここ買うのは勝手だが俺はスルー。2019当たりから地価は値下がり局面に突入する上でリセール・投資という側面ではこの物件がスルーであるポイントは➀周辺中古相場とこの物件のポジション②エリアとして資産性上昇要素の乏しさ,0,0,0,0,,,,
411,>>414駅近に土地が余ってるといいね！西新宿で駅近を作るには既存のタワマンを建て替えないとでも同じ容積だと地権者100％で新規には誰も買えない免震より地震国に適した高層の建築方式でもできれば良いが、まだ現実的では無い,0,0,0,0,,,,
412,気持ちはわかるちょっとタワマン，タワマンってウンザリはしてくるね(笑)でもこれからもの世の中もタワマンばっかりになるんだろうな　汗,0,0,0,0,,,,
413,ハリファドバイみたいなスーパー高層タワマンが西新宿に建ったらウケる地震都市には無理な話かもしれんが,0,0,0,0,,,,
414,>>413入居が３年も先であることを考えるとちょっと割高じゃないですか？その分、不確定要素に対するリスクを購入者が余分に負担するわけですから。もし「今は特に必要ないけど投資しておこう」という思惑なのだとすれば、この先数年の継続的価格上昇を見込んでいるということですよね？私はそこまでの自信はないなぁ。逆に、あまり儲かりはしないだろうなぁとは言えますが。実需で、３年後のここでの生活のビジョンを明確に持たれているのであれば、関係ない話ですけどね。,0,0,0,0,,,,
415,新宿の駅近だとニューステイトメナーは時期に建て替えになると思う。環境の良い渋谷区側だしおススメかな、築４０年中古がかなりの高額で取引されてるし。あとあの近くのファミールの中古もいいね。,0,0,0,0,,,,
416,>>4142019に東京の地価下がる？本当に勉強してる？因みにここは7年前の地価採用。,0,0,0,0,,,,
417,>>408水害が危ないのは海沿いではなく中流域です。海の水位は一切雨の影響受けませんので。,0,0,0,0,,,,
418,>>422日本の人口動向を持ち出して地価を語る人が勉強していないことは確かだけれど、そもそも地球規模での金の動きとリンクしてしまっだ東京の地価がこの先どんな動きをするのか、精度の高い予想できる人なんかいるのか？自分は、せいぜい１年ぐらいしか想像できない。,0,0,0,0,,,,
419,>>424確率の話でしょ。,0,0,0,0,,,,
420,>>424ただ大規模マンションはデベが土地購入してから竣工まで平均8～10年。つまり今の地価高騰が反映されたマンションが市場に出るのは10年後。10年後地価が下がったとしても、マンション価格が下がるのは20年後。,0,0,0,0,,,,
421,>>423西新宿で水害起きたことないでしょ。とくにここは海抜35mあるし。,0,0,0,0,,,,
422,＞＞４２６東京マンションの相場推移を見てごらん。上がる下がるの繰り返し。ここまで上がってさらに20年も上昇するとかあり得ない。非常識過ぎる見解。中古価格が下がってくるのに新築だけあげられるわけないでしょ。それは買わせる側の能・デベ能的な考え方です。好ましくない状況を想定しながら、上昇余地のあるエリア物件を狙わないと下落相場ですべてをなくすぞ。,0,0,0,0,,,,
423,http://sumai.nikkei.co.jp/edit/rba/etc/detail/MMSUa8000016012015/マンション価格は当分は上昇傾向でしょう、下げたくても下げられない。仕方ないね。ここみたいな地権者いて土地の仕入れが安いとこはまだいい方,0,0,0,0,,,,
424,>>427水害に海抜は関係ない。周囲に比べて高いか低いかが問題。まあ、大規模に整備されるから、ここで水害が起こるとは思わないけど。,0,0,0,0,,,,
425,海抜は川の氾濫とは関係ない。最近の異常気象は一時的なものでなく、夏は亜熱帯的な気候になりつつあるのが現在。その中で豪雨で川が氾濫したりすることはあるかもしれないという話でしょ。神田川はキャパ低いし、そこまで想定されて整備もしてないだろうからね。,0,0,0,0,,,,
426,>>432西新宿はタワマン以外の古い高層ビルも多いからねえ。,0,0,0,0,,,,
427,>>431環七の地下に巨大調整池作ったの知らないの？日々改善されてますよ,0,0,0,0,,,,
428,>>428>>東京マンションの相場推移を見てごらん。上がる下がるの繰り返し。⇒50年単位で見てごらん。>>中古価格が下がってくるのに新築だけあげられるわけないでしょ。⇒なんで中古が下がるの？上がるよ。,0,0,0,0,,,,
429,>>434東京全般がね。それでも想定外の川氾濫が日本各地で起きているわけであって。そこで神田川沿いなので洪水マップで危険地域に入ってますよというのは考慮に入れておかないといけない。,0,0,0,0,,,,
430,>>432世界中にタワマンはあるし、世界中で大地震は起きてるけど、タワマンが倒壊したことないでしょ。ふつーの家より安全なんですよ。,0,0,0,0,,,,
431,>438日本は地震の多い国だから外国の話は関係なし,0,0,0,0,,,,
432,>>437注意喚起という意味では川沿いはハザードマップに入れて然るべきだと思います。実際は危険域に達したことすらないけどね。,0,0,0,0,,,,
433,50年単位で投資してるのか、大したもんだ。それも寿命が200年くらいあったらその考え方取り入れるよ。,0,0,0,0,,,,
434,>>439逃げずに反論したら？できない？,0,0,0,0,,,,
435,>>441失われた20年の中だけ見てても意味がないってことでしょ。,0,0,0,0,,,,
436,>442国内のタワマンを買うスレなのに外国の話にスリカエルこと自体が逃げだから反論するまでもなしちなみに海外では低層マンションでさえ地震崩壊した例がある,0,0,0,0,,,,
437,>>443435は50年とハッキリ書いているのに、今度は20年に数字を変えて言い訳するんだね。,0,0,0,0,,,,
438,平壌のタワマンが倒壊したことはあるね,0,0,0,0,,,,
439,>>445『失われた20年』って意味分かってますか？基礎知識得てから議論に参加して下さい。,0,0,0,0,,,,
440,>>435は、長期で見れば資本主義社会のもとでは基本的に経済はインフレって言いたかったんでしょう？でも、人の人生って短いからねえ。あまり意味のある議論ではないように思えるんだ。山、谷のどこで買っちゃうかで、人生大きく左右されるのは事実。@350なら、買っても致命的なことにはならないと思うけど、買い換えの可能性が限られてくる線に近いのも確かだから、慎重にね。,0,0,0,0,,,,
441,おまいら、この物件の固定資産税は70平米で、土地一万円、建物 50万位だぜ。土地の価値なんて無いに等しい。そもそも等価交換でタダだろ。インフレ、インフレって業者が煽ってるだけで、路線価はたいして上がってねえよ。建築費高騰がマンション価格に転嫁されてるだけ。 しかも今月になって早々、証券会社はスーゼネの来期の利益がピークですでに株価織り込みとして、投資判断を引き下げた。どう考えても不動産は2015年がピークだろ。 震災とオリンピック特需が落ちつけば、原油安とあいまって建築費は下がる。,0,0,0,0,,,,
442,タワーなら駅近、スーゼネ、免震が安心だよ。,0,0,0,0,,,,
443,建築費は下がる要素が当面ないよ。ゼネコンの利益云々関係なく、マンション価格はしばらく高騰しますよ。,0,0,0,0,,,,
444,だだし、都心に限る,0,0,0,0,,,,
445,このマンションの値段は高くはないが、固定資産税は高いと思う。,0,0,0,0,,,,
446,>>451 すげえな。ずっと監視？ご苦労…ここは確か相鉄、丸紅も入ってリスク分散してたっけ？,0,0,0,0,,,,
447,これ以上高騰して、誰が買うかだな。益々外国人頼みか？ここみたいに天井高を低くしたりして建築費を下げるか？,0,0,0,0,,,,
448,2017年には固定資産税の減額措置も切れてるから、税金、管理費、積立金で60平米から70平米台で毎月10万超えるじゃないか。 しかも利便性やグレードの劣るパーク60 は、今後隣地で免震タワーが4棟も建ったら、リセールは甘くないぞ。タワー買うなら、リセールちゃんと考えて買わないとね。,0,0,0,0,,,,
449,>>456リセールより隣に建ったら、景色が悪くなったり、御見合いになったり、で目障りでしょうね。やはり西向きを買うしかないか。,0,0,0,0,,,,
450,30メートルもないから、部屋の中見れるだろ。西も冴えない景色だね。パンフレットのラウンジの景色見てみろよ。ガッカリだ。,0,0,0,0,,,,
451,西側は夏の西日も問題,0,0,0,0,,,,
452,>>456固定資産税なんて、どこ買っても付随するものなのに何を今さら・・,0,0,0,0,,,,
453,>>455大手も公務員も今年から給料大幅アップ。さらに新築相続の非課税枠も大幅アップ。買える人は増えるだろう。あと外国人ね。,0,0,0,0,,,,
454,>>456減額措置は毎度切れる切れると言いながらずっと延長中。当面継続でしょ。相続非課税枠なんて逆に拡大してる。。,0,0,0,0,,,,
455,>>土地一万円、建物 50万位だぜ。>>土地の価値なんて無いに等しい。そもそも等価交換でタダだろ。 うわぁ。。どういう理論。建物の評価が土地の50倍とか頭悪すぎです。,0,0,0,0,,,,
456,>>455今後は原価上がるから益々仕様悪くなるのは間違いなし。,0,0,0,0,,,,
457,仕様を悪くするか、狭小な３LDKでグロスを抑えるかどっちか、もしくはその両方買うなら今が最後のチャンスじゃないのかね。,0,0,0,0,,,,
458,>>465そのうちまた相場は下がるよ。不動産なんてそんなもの。,0,0,0,0,,,,
459,>>46610年も待てないです。。どこかで妥協しないと一生買えないですね。郊外も検討しようかな。はぁ。。,0,0,0,0,,,,
460,>>466ただ、今回はコスト要因で投機的な動きじゃないから、需要が減っても下がるのも時間掛かるよ。2023年あたりまでは、今の価格に戻ってこない可能性もある。,0,0,0,0,,,,
461,2023年なんて先ではなくて、五輪の頃には下がるでしょう。値上り期待投機で買った人たちが、利益出しで中古を大量に市場に出すでしょうから中古の供給過多になる。消費税の掛からない中古のほうが新築よりもお得になるし。,0,0,0,0,,,,
462,2020年まで待つとどうなる？とりあえず5年分家賃かかるのと5歳年をとる大きな問題だ！5年後今の仕様より高いマンション売ってるかな？,0,0,0,0,,,,
463,>>470少なくとも５年後、天井高２４８ｃｍよりは高い仕様のマンションを売っていると思う。,0,0,0,0,,,,
464,なんだよ2023年って 笑めちゃくちゃな煽りだな。 需要が無ければ新築価格を下げるの当たり前だ。フラット35Sの金利優遇の拡大も、二流フジタが施工する耐震等級1のこの物件じゃ適用外だね。なんだかグローバルフロントやスカイズとは随分差がついちゃったね。,0,0,0,0,,,,
465,>>463 不動産買った事ないのかよ。まずはモデルルーム行って、支払いの計算書もらってこい。 締切もうすぐだから早くねー。,0,0,0,0,,,,
466,需要関係なく建設コスト上昇してるから価格は下げられないでしょう。ゼネコンが安い金額じゃ受注しないので・・結果的に設備を落としながら、狭い部屋にして見かけは安くみせるかという感じ近隣の計画はまだ先なので西新宿の大規模マンションを買うならここしかないでしょうね。,1,0,0,0,,,,
467,>>470 西新宿好きなら、隣に建つ三井のタワーは？ 今後は免震が主流になってくるよ。,0,0,0,0,,,,
468,免震信者は他所の物件買えばいいんだよ。コスパ悪いけど。,0,0,0,0,,,,
469,回りは木造の空き家だらけだし、RCじゃないから解体はあっという間だ。,0,0,0,0,,,,
470,今後は業界の流れで免震が主流になるから、制振だとリセールが不利になるんだよ。,0,0,0,0,,,,
471,某湾岸物件見に行ったけど、修繕管理費高くてやめたよ。リセールとか言うけど長い目で見れば制震以上に金かかる,0,0,0,0,,,,
472,スカイズがちょっと高いくらいだろ、あの豪華共有施設あるんだから多少は高くなるのは当たりまえ。制振を正当化するために免震は金がかかるだのなんだの言う人いるよね。修繕管理費なんてどこもたいして変わんない(笑)しかも何十年同じマンションに住む気なのかな。俺は住んで10年だな。しかも安全買えるなら多少高くても免震のがいい。これからできるタワマンはほとんど免震ばかりになるからリセールには不利になるかもね。特に大きな地震とか来たりすると尚。,0,0,0,0,,,,
473,免震が流行るのは業界の都合（建設コストが安い）ということもあるでしょうね。まして建設費が高騰してますから、施工費用抑えたいデベはこぞって免震採用というね..ここみたいなダンパーの数が多く金掛けた制震はむしろ希少だよ。,0,0,0,0,,,,
474,リセールした場合、北新宿で今売り出し中のリビオとどっちが良いかな？,0,0,0,0,,,,
475,>>477解体は簡単でも地権者合意が簡単じゃない。北側の住友再開発は建設系の新聞に取り上げられただけでも、2005、2008、2012、2014年度中に都市計画決定を目指す言われていた。北側は取り上げられる間隔が短くなってきたからそろそろ都市計画は決まりそうだか、どうせ権利変換にまた4～5年掛かる。オリンピック前の完成はまず無理。南の三井なんてまだ計画すら決まってない。,0,0,0,0,,,,
476,>>482似たようなもんでしょ。タワーだらけなのでリビオの方が稀少性はあるけど、価格のわりに設備がショボい。こちらは設備や共用施設は上だしタワーは人気もあるけど、ライバルだらけだし、オール電化もマイナス。20年スパンなら南北再開発で周囲の街がきれいになる分こちらが弱冠上かな。北側はスーパー誘致したがってるから便利になる可能性あるし。でも、個人的にはスーパーは既に多すぎるから無理と思ってる。,0,0,0,0,,,,
477,すみません、こちらの管理費や修繕積立金はどのくらいですか？それと、上がり幅はいくら位上がりますか？,0,0,0,0,,,,
478,いやいや、コストは制振より免震だよ。建築費増でこれからは制振しか建てられなくなり、免震は希少に。とはいえコストがかかっても気にしない官庁など公の建物は免震を採用するけどね。ただ、建物の形状的には免震より制震でないと意味がないものもあるのでどっち良いだのという議論は無駄。,0,0,0,0,,,,
479,一定の戸数超えたら免震の方が安上がりなのは常識だよ。構造をスカスカに出来るからね。免震装置の分チャラにしてお釣りがくる,0,0,0,0,,,,
480,>>487ここは埋立地と違って地盤がズブズブじゃないから制振で十分では？,0,0,0,0,,,,
481,>>487本当に安いなら、郊外の大規模は全部免震になるはず。現実は免震ばかりになってないので、建築コスト削減にはならないと思われる。制震と免震のコストがどっちかは分からないが、制震免震共に耐震比でコスト削減にはならない。,0,0,0,0,,,,
482,すみません、こちらの管理費や修繕積立金はどのくらいですか？ それと、上がり幅はいくら位上がりますか？お,0,0,0,0,,,,
483,＞＞４８９郊外の大規模ってどこ？タワマンは戸数増えれば増えるほど、免震の方が安上がりなのは常識ですけど,0,0,0,0,,,,
484,一定の戸数超えれば分岐点で鉄筋コンクリートの削減費用＞免震装置になるって言われてますねだから免震の方が安上がりって意見もあながち間違いではない。戸数少ないと免震の方が高くつくらしいですが。,0,0,0,0,,,,
485,>>488ここは直接基礎じゃなくて杭基礎だからなあ。湾岸でさえ、直接基礎のタワマンも勝どきなどにはあるのに。,0,0,0,0,,,,
486,ここ支持層が浅いとこにある固い地盤だよ、周囲に直基礎の物件も多数あるし単に建物が重いため杭基礎にしてるだけで。地盤自体はかなりいい場所。新宿区のページで確認してご覧。,0,0,0,0,,,,
487,免震が有利になるのは戸数ではなく高さ。１つのアイソレータの上に乗る構造物が多いほど、構造の削減によりアイソレータのコストをチャラにできる。郊外大規模物件はせいぜい２０階だてだから、損益分岐点を超えない。免震が高コストってアイソレータ単体のコストオンだけ考えて話す人がいまだ多いのが信じられない。第一、建築コスト増が叫ばれてるのにパークタワー晴海やらＧＦＴやらムサコのタワマン、目黒池袋八重洲のブリリアなど免震タワマン作られまくってる背景考えたら実はコストメリットある事くらい判るでしょ。しかも免震だとイメージ良くコスト削減してるのに付加価値となって売値を増やすことすら出来るからデベにとっていいこと尽くめ。今後も間違いなく免震タワマン増えるでしょうね。,0,0,0,0,,,,
488,>>494「建物が重いため杭基礎？」なんじゃそれ。,0,0,0,0,,,,
489,軽い物なら直接基礎で行けても、重たいから杭で補強ってことでしょ。まぁここが固い地盤であるのは間違いないよ。区のホームページなど行かなくてもMRで確認できるし。,0,0,0,0,,,,
490,高層免震のコストメリットの件、疑う人はこちらを。http://www.konoike.co.jp/solution/detail/000099.html＞免震層を構築することはコストアップにつながりますが、高層建物ほどその影響は小さくなります。また、免震部材の適性配置や合理的な設計により、従来の建物と変わらないコストで免震建物を建設できます。維持費や想定外リスクなどのデメリットあれど免震のほうが地震に強いのは確かだから、顧客への訴求力とコストメリットを持つ免震タワマンが今後スタンダードになるのは確実。そうなると免震の付加価値が薄れると同時に、非免震物件の資産価値が下がる恐れはあるね。維持費の点では制震のが有利だけど。,0,0,0,0,,,,
491,実は免震の方がデベロッパーは儲かる、安っぽい構造ということでしょうか？,0,0,0,0,,,,
492,>>498高層建築になればなるほど免震の方が安上がりってことですね,0,0,0,0,,,,
493,大体の人ってエリアで検討するから、湾岸タワマンが免震だろうと気にもしないと思うこの辺で免震って近所のパークハウスしかないし、他はアトラスやコンシェリアエムズや本町パークタワー等々基本的に、制震か耐震しかないから、地盤もしっかりしてるから湾岸みたいに建物でお客を釣る必要もないんじゃないかしら,0,0,0,0,,,,
494,高層ビルなら制振の方が安全なのでは？,0,0,0,0,,,,
495,>>497ここが出来れば階数を追い抜かれる勝どきの５８階建てＴＴＴは重いはずなのに直接基礎だよ。ちなみにＴＴＴは激安だったが制振。,0,0,0,0,,,,
496,>>503その物件はここより太いじゃん。そりゃ支えられる重量が変わるから当然でしょ。ここの方が建築面積が狭い。,0,0,0,0,,,,
497,>>504重いから直接基礎に出来ない、とかの言い訳に太さは関係ないでしょ。太さ、は免震に出来なかった理由に使う言い訳。,0,0,0,0,,,,
498,>>504言い訳じゃなく事実だよ。太い棒と細い棒、上の重量によっても変わるけどどっちが地面に食い込みやすいかなんて小学生でも分かること。,0,0,0,0,,,,
499,506は505宛ね,0,0,0,0,,,,
500,この辺の地盤が固いのは間違いないよ。あとは建物の形状などで構造や基礎工法は適切なモノ選んでるだけですね,0,0,0,0,,,,
501,制震の方が長い目で見たとき想定外の維持費などは発生しにくい点は安心なんじゃないかな。,0,0,0,0,,,,
502,まとめると制振で建物自体も重く、形状も細いため杭で補強してる但し地盤自体はとても固いという認識でよいかな？,0,0,0,0,,,,
503,いいんじゃない。TTTと比較してる人いるけど形状が違い過ぎて参考にならんよ。,0,0,0,0,,,,
504,カフェバーって民間企業がが入ると思うのですが利益で成り立つほど集客できる予定なんですかね？管理費などから充足されたりはしませんよね,0,0,0,0,,,,
505,すみません、こちらの管理費や修繕積立金はどのくらいですか？ それと、上がり幅はいくら位上がりますか？お,0,0,0,0,,,,
506,ここの地盤は悪くないと思いますが・・・制震か免震かは、地盤と建物の形状でベストな組合わせを選んだと解釈しています。国土交通省　ハザードマップポータルhttp://disaportal.gsi.go.jp/関東地方整備局　地盤液状化現象の実態調査結果http://www.ktr.mlit.go.jp/bousai/bousai00000061.html,0,0,0,0,,,,
507,http://www.city.shinjuku.lg.jp/seikatsu/ShinjukuBoring/Default.html悪くないどころかアトラスや都庁周辺と変わらない良好な固い地盤だよ支持層は10ｍちょっとのとこにある,0,0,0,0,,,,
508,>>512もちろん管理費から。豪華な共有設備のなかでも、人が常駐する系は、ホントに最悪の金食い虫。例えば良くあるパン屋等のミニショップ。管理費から人件費が出て光熱水費無料なのに、何故か売り上げすら業者のもの。どこかの理事長が牛乳一本の原価が、一万円と怒っていた。,0,0,0,0,,,,
509,要らないなら廃止してラウンジにしてしまえばいいだけですね。利用者少なければそういった話も出るでしょう。再利用できないような設備じゃないのでその辺は考え方次第だと思います。,0,0,0,0,,,,
510,もうそろそろ２０００組突破したかな,0,0,0,0,,,,
511,>>517まずそれは無理だと思うよ。大半の人は、そんなことになってるなんてことすら知らない。そして一部の使う人が廃止には強硬に反対する。契約者スレ見たらその手の、反対派と賛成派がののしりあい書き込みしてる物件もあったり。まぁ、多分一戸辺り年間2万円程度の話だから、イメージ広告代と思って諦められる程度の話でしょう。,0,0,0,0,,,,
512,他の無関心な人たちは委任状だして終了でしょうし。その辺は管理組合の考え方や頑張り多数決次第,0,0,0,0,,,,
513,バーの収益はきちんと組合のモノになるとかだったと思います。それで事業じゃないので当然課税はなしって話じゃなかったかな。,0,0,0,0,,,,
514,>>520そう、もし仮に議決まで持ち込めれば何とかなる可能性もある。しかし、マンション全体からすると大きな金額でも、個人にとっては、たかだか1～2万円/年。そのためにわざわざ反対を押し切ってまで頑張ろうという理事候補がめったに出ないのよ。この手のバーとかミニショップって、そういう絶妙なところを突いた設備なのよ。これが、年間10万円/戸とかなら、頑張る気になる理事候補もいるんだろうけどね～。>>521なるほど。ここはまだ収益源になるだけマシってことですね。,0,0,0,0,,,,
515,すみません、こちらの管理費や修繕積立金はどのくらいですか？ それと、上がり幅はいくら位上がりますか？,0,0,0,0,,,,
516,見直しで管理費安くなりますよって提案は割と通りやすい。うちはその安くなった分を修繕費に変えたから結局支払額は変わってないけど,0,0,0,0,,,,
517,>>524そうなるといいね、とは思う。ただ、このケースは安くなりますだけじゃなく、サービス停止を伴うからね。単に更新時に相見積したおかげで、何も減らず管理費安くなりますという議案ですら、サービスレベルの低下は大丈夫なのか？と説明会で発言する人が居て、理事が日和見で1年延期。それでも翌年は議案にあげ委任状ばっかりだから通った。で、契約変更後、担当者も配置も何も変わってないのに、たまたまあった落ち度が見つけてと、無理やり安くしたからじゃないのかとクレーム頻発。自分はそういう経験があるので、割と通りやすいというのは、どうだろうね、と思う。,0,0,0,0,,,,
518,うちは更新時ですらなかったけど見直しでかなり安くなった。元々サービスに関してあまり興味がない人多かったのかも。管理の質は充分だったし、悪くなるような見直し案じゃなかったのが良かったのかもしれないまぁマンションそれぞれですね,0,0,0,0,,,,
519,結局理事次第で変わるって感じなんだろうね。 ま、こういう金かかる設備は無いほうが長期的には良い。でも、それを理由に諦めるほどじゃないし、あったらハッタリは効くって感じだよね。,0,0,0,0,,,,
520,そもそもカフェなんてあっても大した負担にはならない。まして組合にお金入るなら尚更ね。,0,0,0,0,,,,
521,"今時、免震が安いって信じてるアホがいるんだな。http://www.city.asahikawa.hokkaido.jp/files/kanzai/fuzokukikan/25_1/1_siryo5.pdf■旭川総合庁舎,第三庁舎改修費用概算 比較(設備更新費,設計費,仮庁舎移転費含む) (1)制震+低層棟耐震化(議会棟・地下 1 階~地上2階)約59億9,800万円 (2)免震約68億8,800万円免震の方が高いね！",0,0,0,0,,,,
522,>>523 修繕積立金は5年毎に倍。,0,0,0,0,,,,
523,>>521 管理組合も利益が出れば確定申告、納税 の必要はあるよ。,0,0,0,0,,,,
524,しかし紛れて書き込む奴の情報操作すごいな。 実際、近隣の立退きはほぼ終わってるし、この土地の支持層は確か45メートルぐらいだったろ。,0,0,0,0,,,,
525,>>529タワマンでもなく商業ビル、しかも高層建築でもないもので比較してる時点でアホ,0,0,0,0,,,,
526,ここの地盤やばくない！？,0,0,0,0,,,,
527,>>531利益云々は関係ないね。マンション居住者相手のサービスなら課税の対象にならないから。>>532ここの支持地盤は15～20くらいの浅いとこあったはず、直基礎の都庁やコンシェリアと変わらないレベル杭が長いのは細長い形状からくる引き抜き対策地下45Mまで掘ってると言ってもその上に地下２階構造があるので実際の杭の長さは大したことない。支持地盤が45メートルにあるとか勘違いしちゃったかな 笑,0,0,0,0,,,,
528,>>実際、近隣の立退きはほぼ終わってるし終わってませんよ。計画自体まだ詳細不明です。立ち退きなどさらに先の話です。平然とウソを垂れ流すの止めて下さいね。,0,0,0,0,,,,
529,>>529改修と新築のコスト違いもわからないなんてかわいそうな人だな。,0,0,0,0,,,,
530,ダイヤモンドオンラインinside enterprise 21/Jan/2015東急、大京が香港で売り込み 東京買い過熱の不動産投資http://diamond.jp/articles/-/65438?display=b,0,0,0,0,,,,
531,>>531嘘は良くない。住民に限定したサービスであれば納税は不要。,0,0,0,0,,,,
532,>>528規模によるから一概に言えないけど、マンション全体なら毎年数百万～一千万程度の負担。雑誌に取り上げられた例だと700万だったかな。決して小さくはない。ただ、全戸で割るから、一戸あたりになると大したことはないね。,0,0,0,0,,,,
533,平然と嘘をつくビギナーさんの相手は止めた方がいいよあの人はただの釣り師だから。いくら何でも無知過ぎる,0,0,0,0,,,,
534,>>529それ改修だから。後付だからそりゃ装置単体が高くてしかもジャッキアップする必要のある免震レトロフィットのコストが一番高いの当然でしょ。再三書かれてるとおり、新築の場合は免震による構造体の削減効果があるので高層になるほどアイソレータのコスト増をペイ出来て、場合によってはむしろ安上がりになる。修繕費も５年毎に倍々なんてならないし色々投げやりな書き込みだね。,0,0,0,0,,,,
535,修繕積立金が5年毎に倍って話もありますが、実際はいくらになるのでしょうか？8000円 → 6年目16000円 → 11年目32000円？？プラス管理費や共益費になりますか？そうすると、10年後はランニングはどのくらいになるのでしょうか？,0,0,0,0,,,,
536,>>544モデルルームで聞きな。想定してる数値を全部教えてくれるから。一般論としてなら、国交省調査ではこの規模なら立体駐車場含めて、270円/平米位必要。この調査は消費税5%の時のやつなので今なら285円くらいかな。今が安すぎるので、そのうち一時金か、毎月2倍のどちらかになるのは確定的。さらに、今安い分を取り返さないといけないから、恐らく3LDKで2万半ばになるんじゃないかな。3万までは行かないと思う。もちろん管理費は別途必要。でも、こんなのは新築マンションはみんなそう。三菱は最初の一時金が高めな分むしろマシな部類。,0,0,0,0,,,,
537,なかなかモデルに行けないから聞いてるんですが…掲示板ってその為にあるんじゃないんですか？ちな、一時金って高いのですが？35万くらいでしょうか？,0,0,0,0,,,,
538,平米285円なら、75平米で21375円？プラス管理費や共益費？35000円くらいか？10年後に5万程度？ 高いな…,0,0,0,0,,,,
539,最近は、一時金を取る方式ではなくて単純に毎月の修繕積立金を定期的に値上げするスケジュールになっている新築物件も多い。,0,0,0,0,,,,
540,>>547そんなしないよ。80平米で管理修繕費合わせて2万半ばくらい。,0,0,0,0,,,,
541,管理費＆修繕費で平米単価だと380位だったと思います。75平米で28000円くらい？割安だとは思いませんが、普通レベルかなと感じてます。あと５年で倍になるとかいう設定や試算ではなかったですよ。,0,0,0,0,,,,
542,皆様ありがとうございます。一時金は35万くらいでしょうか？,0,0,0,0,,,,
543,"初めから28,000と言うことは、10年後にはいくらになるのでしょうかね？",0,0,0,0,,,,
544,その辺は他のマンションと大差ないでしょう。ここなんて無駄な設備少ないし維持コストは安い方だと思いますよ。徐々に増えるにはどこも一緒ですが、三菱さんは余裕を持ったプランで定評があるので急激に上がるとかはないでしょう。,0,0,0,0,,,,
545,スーモで2LDK～3LDK中古20年近辺の物件の修繕積立金を調べてみた。三井ばかりなのは、メジャーデベで名前ですぐ分かる売り物件がパークだけだったらで他意はない。ライオンズもあったけど微妙だよね。西早稲田パークタワー 1993年 268円南麻布パークホームズ 1995年 195円余丁町パークホームズ 1998年 204円番外アイタウンレピア 1994年 203円セントラルレジデンス新宿シティタワー 2001年 175円シティタワー新都心 2005年 147円アトラスタワー西新宿 2006年 150円コンシェリア西新宿 2008年 255円ここは、平米100円強だっけ？5年毎に倍々はないけど、20年後倍は普通にあり得そうだね。,0,0,0,0,,,,
546,ここくらい戸数多い方がスケールメリットあるから管理修繕には有利だと思う,0,0,0,0,,,,
547,>>551三菱の修繕積立一時金はそんなに安くない。75平米なら70～90万と思っておけば間違いない。つまり、修繕月額が100円前後。それに一時金で100円前後の10年分先払い。最初の10年は実質200円取ってるようなものなので赤字が累積しない。三菱がまだましと言われるのはこれが理由。ティアロがまさにこのパターン。当然11年目には、値上げか一時金の選択が迫られる。,0,0,0,0,,,,
548,何があるか分からないから戸数が多くて前もって積立しておく物件の方が安心なのは確か。無為な値上げがないからね。販売時の見かけ上安くしてるマンションとかの方が後々悲惨でしょうから。,0,0,0,0,,,,
549,やはり高いですね・・一時金が９０万円！！１０年後のランニングコストも５０，０００円超え・・。タワーマンションってお金掛かるのですね。,0,0,0,0,,,,
550,タワマンやここに限らずマンションはお金かかるもの。余計な設備もなく、制震のここは維持費やコストが良心的な方だと思う。,0,0,0,0,,,,
551,プールやスパがあるとこはもっと維持費かかるからな。,0,0,0,0,,,,